0.386394,-0.981933,-0.902053,-1.38424,-0.306977,0.00489291,
0.460192,-0.696324,-0.572625,-0.930498,-0.00776196,0.254961,
-0.136941,-0.525012,-0.347094,-0.779068,0.309048,0.438668,
-0.598345,-0.394363,-0.239778,-0.536804,0.485197,0.499617,
-0.806249,-0.318168,-0.210002,-0.241621,0.549922,0.51063,
-0.858299,-0.274582,-0.203703,0.00989075,0.567616,0.511674,
-0.82683,-0.23244,-0.187094,0.211972,0.569125,0.50968,
-0.726673,-0.161873,-0.135223,0.386602,0.560357,0.499618,
-0.522746,-0.0232119,-0.0149202,0.550886,0.526559,0.463165,
-0.125566,0.238364,0.221905,0.667489,0.403019,0.336747,
0.486315,0.578359,0.530808,0.553008,0.0739893,0.0133531,
0.938586,0.778273,0.707301,0.303744,-0.227216,-0.274907,
1.19203,0.957499,0.860875,0.600004,-0.250171,-0.317455,
0.296775,1.08099,0.953639,1.52083,-0.0338089,-0.20246,
-0.598465,0.78857,0.659497,1.15588,-0.0851323,-0.279825,
-0.340437,0.438191,0.283594,0.837935,-0.355314,-0.442771,
0.0867533,0.080723,-0.0404695,0.743489,-0.48339,-0.443391,
0.311988,-0.24824,-0.283088,0.58716,-0.379038,-0.263158,
0.386008,-0.425243,-0.366078,0.383631,-0.0831691,0.0383802,
0.417428,-0.314292,-0.19662,0.128095,0.244633,0.294917,
0.449205,0.118886,0.202541,-0.226827,0.362688,0.298261,
0.512711,0.587122,0.562609,-0.524736,0.0694722,-0.0313362,
0.702491,0.738495,0.662945,-0.600631,-0.237739,-0.303862,
1.05754,0.835465,0.740856,-0.423861,-0.327632,-0.382323,
1.40771,1.09893,0.973723,0.729474,-0.1808,-0.292617,
-0.0187827,1.14674,1.02171,1.52466,0.294015,-0.0570996,
-0.570024,0.796196,0.685267,1.05879,0.1984,-0.192248,
-0.0673114,0.611099,0.413262,0.83307,-0.159437,-0.403423,
0.484059,0.482771,0.278787,0.635243,-0.409713,-0.492606,
0.779413,0.402652,0.249234,0.346446,-0.522046,-0.514917,
0.890127,0.370575,0.26403,0.106926,-0.560172,-0.522033,
0.926628,0.366248,0.290017,-0.0493928,-0.571563,-0.526944,
0.946098,0.378543,0.318891,-0.133352,-0.574379,-0.530639,
0.976195,0.407376,0.354781,-0.153662,-0.573614,-0.53284,
1.03655,0.46207,0.409379,-0.0975396,-0.568409,-0.532409,
1.14322,0.561968,0.501818,0.107872,-0.550876,-0.523947,
1.16899,0.723576,0.645406,0.758087,-0.496949,-0.49043,
0.0980886,0.746722,0.647888,1.49667,-0.421408,-0.446248,
-0.793598,0.32209,0.230198,1.00973,-0.498045,-0.4951,
-0.978862,-0.382528,-0.418523,0.540335,-0.40627,-0.332551,
-1.38668,-0.891394,-0.851394,-0.0826368,-0.0430983,0.0392001,
-0.536445,-1.11383,-1.0304,-1.49216,-0.114919,0.0379766,
0.551022,-0.867066,-0.774944,-1.23785,-0.107536,0.119506,
0.354651,-0.582373,-0.444409,-0.86751,0.207725,0.356924,
-0.191997,-0.342016,-0.196117,-0.741648,0.441529,0.470222,
-0.546101,-0.135534,-0.0371493,-0.500559,0.519151,0.461335,
-0.67062,0.0290599,0.068529,-0.169757,0.488464,0.392542,
-0.575438,0.184088,0.167102,0.201328,0.379276,0.277515,
-0.181304,0.360642,0.294128,0.512376,0.155956,0.0755413,
0.462325,0.508983,0.421501,0.473642,-0.186188,-0.222632,
0.866064,0.58249,0.500805,0.176064,-0.415835,-0.422881,
1.06996,0.674764,0.591433,0.118803,-0.471349,-0.475342,
1.22341,0.847979,0.747215,0.636876,-0.412131,-0.440401,
0.201348,0.937182,0.81017,1.51735,-0.260445,-0.351836,
-0.686272,0.592325,0.466391,1.08857,-0.34452,-0.422042,
-0.588486,0.0567936,-0.04915,0.749871,-0.481088,-0.457017,
-0.529512,-0.512991,-0.525485,0.703554,-0.261162,-0.16698,
-0.76657,-0.780058,-0.722591,0.636732,0.101683,0.180696,
-1.27528,-0.950933,-0.861662,0.243134,0.205026,0.284225,
-0.894773,-1.24008,-1.11618,-1.34847,-0.129546,0.09026,
0.40795,-0.968095,-0.929553,-1.36767,-0.557094,-0.0516695,
0.433233,-0.698518,-0.597248,-0.926403,-0.233684,0.214196,
-0.200898,-0.631489,-0.410635,-0.770211,0.144074,0.419754,
-0.691561,-0.586488,-0.368864,-0.512676,0.385242,0.500272,
-0.925954,-0.587931,-0.418152,-0.301343,0.481651,0.523132,
-1.06281,-0.65216,-0.515764,-0.316939,0.495046,0.51945,
-1.09801,-0.779805,-0.653273,-0.776712,0.447809,0.485698,
-0.189912,-0.806625,-0.676989,-1.48571,0.370668,0.437333,
0.719163,-0.425909,-0.306859,-1.07427,0.457646,0.487074,
0.836706,0.231044,0.299081,-0.651082,0.455249,0.390569,
1.10986,0.780819,0.754329,-0.367921,0.0860836,0.000143954,
1.31977,1.09908,1.0224,0.91264,0.0070043,-0.105018,
-0.140709,1.06886,0.98285,1.49557,0.302483,0.0205242,
-0.560909,0.752376,0.648307,1.01109,0.0948651,-0.189305,
-0.0204885,0.562015,0.390872,0.816388,-0.243757,-0.406463,
0.502062,0.416172,0.252452,0.611819,-0.455995,-0.491384,
0.767383,0.323498,0.205579,0.315109,-0.540681,-0.50813,
0.847341,0.270455,0.193464,0.0440385,-0.56476,-0.508923,
0.825518,0.223802,0.175777,-0.178834,-0.567351,-0.506055,
0.725203,0.150346,0.123451,-0.370682,-0.557596,-0.494869,
0.514117,0.00782643,0.000923326,-0.54681,-0.520381,-0.455435,
0.102401,-0.258699,-0.239754,-0.665223,-0.387151,-0.320208,
-0.515132,-0.592219,-0.542357,-0.537382,-0.0485604,0.0112415,
-0.953476,-0.783291,-0.710898,-0.296829,0.239098,0.286082,
-1.19528,-0.96495,-0.86662,-0.635677,0.248783,0.317748,
-0.238902,-1.07493,-0.946861,-1.52573,0.0297616,0.20217,
0.607041,-0.772487,-0.642265,-1.13423,0.0991852,0.289596,
0.323586,-0.420528,-0.266008,-0.832746,0.366807,0.447361,
-0.094023,-0.0591863,0.0580761,-0.73941,0.483211,0.437549,
-0.307626,0.26901,0.297999,-0.584315,0.363524,0.245407,
-0.377119,0.432844,0.368399,-0.386506,0.0563175,-0.0625559,
-0.417206,0.298744,0.180724,-0.136838,-0.266837,-0.309917,
-0.472351,-0.157018,-0.233812,0.219078,-0.359728,-0.289799,
-0.563792,-0.616847,-0.587078,0.512652,-0.0438546,0.0539106,
-0.785815,-0.767204,-0.690801,0.562167,0.241078,0.306506,
-1.2162,-0.904343,-0.806032,0.259462,0.291274,0.356689,
-1.04316,-1.19964,-1.06425,-1.23766,0.0149675,0.190876,
0.334547,-1.0354,-0.944017,-1.41375,-0.410653,0.0240163,
0.471845,-0.72731,-0.601889,-0.952955,-0.144431,0.24405,
-0.133435,-0.596845,-0.382585,-0.788924,0.209458,0.43245,
-0.625986,-0.504694,-0.30313,-0.543858,0.430634,0.502881,
-0.859941,-0.464591,-0.313755,-0.279381,0.52238,0.523507,
-0.965196,-0.474955,-0.362942,-0.129077,0.550273,0.530806,
-1.05006,-0.53043,-0.438419,-0.130989,0.549829,0.530329,
-1.14545,-0.640088,-0.551124,-0.380077,0.523527,0.515328,
-0.889607,-0.778285,-0.677035,-1.16963,0.453486,0.471394,
0.337411,-0.631071,-0.524628,-1.39276,0.433472,0.464314,
0.866228,-0.081156,0.00442479,-0.814717,0.515839,0.486429,
1.07448,0.614584,0.618873,-0.419405,0.261012,0.176371,
1.4174,1.01223,0.95447,0.654004,0.00734695,-0.0842929,
0.0220111,1.07102,0.982794,1.52907,0.182541,-0.0203123,
-0.602203,0.761831,0.657866,1.05943,0.0154355,-0.200974,
-0.152071,0.505865,0.355063,0.826604,-0.298015,-0.411485,
0.352956,0.281367,0.14525,0.670514,-0.481886,-0.478901,
0.62699,0.0999693,0.0175769,0.387257,-0.523357,-0.45153,
0.681361,-0.0488829,-0.0747839,0.0394107,-0.478236,-0.380621,
0.506442,-0.20855,-0.182108,-0.324004,-0.35775,-0.261243,
0.0160542,-0.406262,-0.336541,-0.563095,-0.105295,-0.0337638,
-0.61482,-0.557522,-0.473917,-0.402136,0.240468,0.272529,
-0.946164,-0.642521,-0.560615,-0.149039,0.422312,0.433943,
-1.16086,-0.771647,-0.680155,-0.27371,0.434205,0.452922,
-0.920922,-0.967374,-0.848682,-1.23766,0.306606,0.374173,
0.391068,-0.833376,-0.703353,-1.38225,0.224252,0.342958,
0.661199,-0.393501,-0.263307,-0.871066,0.411125,0.459762,
0.425109,0.157506,0.23866,-0.74141,0.448912,0.385759,
0.439401,0.611364,0.59167,-0.7283,0.120927,0.0228169,
0.669939,0.758063,0.686501,-0.681416,-0.198064,-0.268552,
1.07714,0.860509,0.767013,-0.448598,-0.296838,-0.358326,
1.36269,1.14047,1.01364,0.854791,-0.122526,-0.253425,
-0.0959051,1.12929,1.02382,1.50849,0.393841,-0.00860199,
-0.556059,0.774401,0.679266,1.03334,0.260625,-0.17384,
-0.0144094,0.630593,0.428429,0.824964,-0.114689,-0.395488,
0.541248,0.539322,0.323347,0.610887,-0.379502,-0.491928,
0.831587,0.493454,0.325516,0.337654,-0.500306,-0.521124,
0.961873,0.502338,0.377029,0.175974,-0.538901,-0.530166,
1.05877,0.562023,0.459669,0.188142,-0.539409,-0.528385,
1.14468,0.679439,0.58118,0.499835,-0.506843,-0.508408,
0.675159,0.793722,0.68437,1.33474,-0.430355,-0.46041,
-0.515568,0.556608,0.448323,1.29136,-0.445894,-0.474857,
-0.881267,-0.0474483,-0.125779,0.731439,-0.50474,-0.460667,
-1.12671,-0.702313,-0.69231,0.355784,-0.185736,-0.100192,
-1.31233,-1.05945,-0.993444,-0.910777,-0.0140691,0.0871101,
0.14583,-1.0415,-0.953178,-1.49343,-0.20589,0.0202257,
0.575587,-0.728196,-0.617595,-1.00327,0.0126957,0.229188,
0.0638647,-0.488184,-0.332203,-0.812828,0.321045,0.42611,
-0.422188,-0.280234,-0.14523,-0.633051,0.491281,0.48249,
-0.667978,-0.118824,-0.0372717,-0.333894,0.529943,0.458607,
-0.699852,0.0156758,0.0443038,0.0127049,0.49467,0.401359,
-0.511887,0.174273,0.155332,0.360003,0.393563,0.301142,
-0.0231978,0.395633,0.335898,0.582003,0.160561,0.0873239,
0.615031,0.585364,0.507032,0.420908,-0.194187,-0.234422,
0.965629,0.691412,0.609083,0.183206,-0.388128,-0.409743,
1.19397,0.842289,0.745221,0.40727,-0.386776,-0.420926,
0.612581,1.01706,0.889439,1.43406,-0.220025,-0.321458,
-0.547021,0.785289,0.653615,1.26131,-0.200835,-0.337278,
-0.55329,0.35011,0.213595,0.831527,-0.416087,-0.461916,
-0.269541,-0.159264,-0.240703,0.757697,-0.443302,-0.373599,
-0.235261,-0.564609,-0.543783,0.742212,-0.128239,-0.0227674,
-0.354358,-0.65926,-0.582906,0.737808,0.219626,0.289367,
-0.497003,-0.612793,-0.523546,0.721028,0.404962,0.435639,
-0.629847,-0.553875,-0.466566,0.676834,0.489595,0.494128,
-0.756322,-0.518107,-0.436642,0.60295,0.527661,0.516755,
-0.896254,-0.522215,-0.445563,0.487153,0.541283,0.523698,
-1.09031,-0.590468,-0.513261,0.26457,0.533417,0.518682,
-1.33057,-0.765972,-0.675494,-0.402697,0.477716,0.482985,
-0.347048,-0.901806,-0.782953,-1.50713,0.333673,0.393609,
0.692077,-0.572402,-0.454152,-1.1286,0.384637,0.440235,
0.721608,0.0102596,0.102216,-0.711343,0.487113,0.45142,
0.771524,0.611724,0.609837,-0.603974,0.206287,0.116918,
1.18616,0.902427,0.841129,-0.31537,-0.0910825,-0.170996,
1.10771,1.19412,1.09182,1.18613,0.0731326,-0.0902472,
-0.302967,1.02362,0.966097,1.43183,0.489234,0.0708701,
-0.49571,0.722867,0.62991,0.960617,0.215852,-0.180379,
0.11562,0.620656,0.421777,0.793248,-0.156299,-0.402842,
0.634298,0.553285,0.352627,0.550364,-0.397953,-0.494811,
0.886662,0.535582,0.378916,0.30541,-0.498851,-0.522798,
1.0176,0.576229,0.45288,0.229235,-0.522825,-0.52692,
1.12218,0.677711,0.567369,0.435381,-0.501058,-0.510902,
0.853244,0.807379,0.691369,1.19756,-0.428002,-0.463853,
-0.35577,0.649968,0.533305,1.38252,-0.412448,-0.458167,
-0.835672,0.108679,0.0129892,0.820538,-0.509786,-0.487076,
-0.988526,-0.579162,-0.590116,0.490373,-0.277521,-0.191292,
-1.44808,-0.97429,-0.919192,-0.286004,0.0114297,0.0987868,
-0.304672,-1.13067,-1.04037,-1.53644,-0.192183,0.00782074,
0.585379,-0.836391,-0.744856,-1.1618,-0.145372,0.122909,
0.24415,-0.590882,-0.440113,-0.853961,0.190226,0.36394,
-0.319086,-0.400538,-0.240289,-0.70416,0.431577,0.476776,
-0.658389,-0.255337,-0.139291,-0.426179,0.530379,0.49166,
-0.7711,-0.152733,-0.0856331,-0.107008,0.547017,0.4745,
-0.714427,-0.0495881,-0.0229321,0.203186,0.524229,0.443246,
-0.476155,0.112582,0.104559,0.480475,0.451736,0.372191,
0.0238089,0.381434,0.339682,0.627827,0.244618,0.173945,
0.652131,0.636374,0.56972,0.435321,-0.12115,-0.171431,
1.01367,0.778489,0.697388,0.248637,-0.321815,-0.35978,
1.19954,0.965931,0.860093,0.741605,-0.279562,-0.346498,
0.0849474,1.03467,0.902197,1.52404,-0.0707139,-0.236374,
-0.633028,0.702405,0.566944,1.07151,-0.185234,-0.341877,
-0.321646,0.312746,0.166146,0.811157,-0.422666,-0.463696,
0.0159698,-0.107169,-0.194398,0.741267,-0.454809,-0.378952,
0.139819,-0.442037,-0.42869,0.649556,-0.203871,-0.0826734,
0.174876,-0.49714,-0.409296,0.568768,0.164624,0.248903,
0.301518,-0.244261,-0.144148,0.466649,0.41811,0.419599,
0.604833,0.285902,0.328547,0.20868,0.388303,0.308688,
0.925055,0.751346,0.711527,-0.0785088,0.0185794,-0.0685363,
1.30007,0.989297,0.908503,0.207943,-0.126306,-0.21598,
0.562912,1.19649,1.08575,1.48691,0.185906,-0.0464779,
-0.523223,0.905357,0.829356,1.25825,0.336709,-0.0525952,
-0.319113,0.669119,0.518653,0.886246,-0.0136398,-0.307935,
0.2938,0.536776,0.33606,0.732387,-0.322757,-0.460608,
0.700506,0.444163,0.276436,0.46015,-0.486322,-0.50931,
0.873793,0.406178,0.285176,0.201747,-0.547015,-0.523073,
0.943487,0.407716,0.319175,0.0394293,-0.565393,-0.529331,
0.993812,0.438863,0.367507,-0.0206488,-0.568162,-0.532475,
1.06734,0.505135,0.438685,0.0390426,-0.560572,-0.530652,
1.16992,0.624007,0.551068,0.329765,-0.532909,-0.515501,
0.899785,0.773141,0.681393,1.17871,-0.460829,-0.470228,
-0.361267,0.622296,0.52178,1.38692,-0.438987,-0.463518,
-0.883221,0.0628865,-0.0172516,0.796663,-0.516457,-0.483953,
-1.1045,-0.632685,-0.633344,0.385148,-0.24967,-0.16608,
-1.3732,-1.02478,-0.965488,-0.778965,-0.0130792,0.0803785,
0.0622164,-1.04926,-0.961288,-1.51422,-0.173679,0.0288908,
0.5969,-0.737268,-0.629698,-1.02912,0.0225816,0.224565,
0.123198,-0.476583,-0.327099,-0.818581,0.326541,0.42348,
-0.361397,-0.24226,-0.114007,-0.659672,0.491538,0.475869,
-0.615185,-0.050331,0.0213577,-0.375588,0.513,0.432694,
-0.651494,0.109158,0.12141,-0.0221546,0.442334,0.339126,
-0.441455,0.270177,0.226357,0.348295,0.282108,0.185512,
0.099941,0.434346,0.349885,0.549732,-0.0117948,-0.0717112,
0.682054,0.528561,0.441977,0.330007,-0.328588,-0.344174,
0.949203,0.589894,0.510587,0.089362,-0.46876,-0.466697,
1.134,0.70033,0.615374,0.172304,-0.478773,-0.482046,
1.12141,0.89133,0.784152,0.9757,-0.38597,-0.423881,
-0.173482,0.855969,0.730191,1.47227,-0.273162,-0.36492,
-0.731236,0.428058,0.30601,0.935524,-0.417214,-0.461088,
-0.588202,-0.165496,-0.24242,0.70908,-0.454792,-0.395263,
-0.669765,-0.665667,-0.645038,0.660723,-0.111811,-0.0206411,
-1.05425,-0.87499,-0.805035,0.461233,0.154483,0.23025,
-1.38901,-1.15611,-1.04818,-0.815055,0.0401391,0.176017,
0.0712602,-1.11935,-1.04993,-1.51522,-0.508361,-0.0850779,
0.569145,-0.750901,-0.700213,-1.03891,-0.378544,0.103451,
0.0297004,-0.65008,-0.462331,-0.825643,0.0220594,0.359568,
-0.553044,-0.599381,-0.373288,-0.612558,0.319629,0.479998,
-0.863607,-0.58216,-0.397972,-0.356772,0.459696,0.518117,
-1.0201,-0.625009,-0.480572,-0.281025,0.496253,0.522834,
-1.12215,-0.734211,-0.607054,-0.551146,0.469624,0.500498,
-0.620893,-0.839573,-0.709916,-1.36748,0.386198,0.446136,
0.537706,-0.590202,-0.466574,-1.27149,0.41176,0.464167,
0.81849,-0.00608103,0.0889641,-0.748484,0.500659,0.466185,
0.968401,0.643203,0.642806,-0.493628,0.214165,0.125309,
1.45261,0.994098,0.932778,0.265864,-0.033787,-0.123169,
0.317092,1.15238,1.05954,1.53657,0.229478,0.00711797,
-0.57836,0.846692,0.762495,1.16903,0.216243,-0.0948092,
-0.232696,0.621663,0.46753,0.858731,-0.133433,-0.346258,
0.352391,0.465049,0.289869,0.69937,-0.398185,-0.473835,
0.70611,0.355442,0.220023,0.417084,-0.520652,-0.506407,
0.838559,0.295098,0.203988,0.133437,-0.560164,-0.510799,
0.850341,0.253984,0.195283,-0.0989267,-0.569015,-0.510287,
0.78824,0.201246,0.164921,-0.290556,-0.565928,-0.505324,
0.64481,0.103211,0.0851533,-0.464009,-0.548289,-0.48597,
0.359046,-0.0893241,-0.0863145,-0.619624,-0.483296,-0.417885,
-0.165,-0.412742,-0.380598,-0.653143,-0.264447,-0.198993,
-0.747878,-0.694303,-0.633823,-0.405753,0.108217,0.161214,
-1.08388,-0.856675,-0.774581,-0.331386,0.273579,0.323787,
-0.998312,-1.0611,-0.946575,-1.17007,0.161021,0.267123,
0.304302,-0.96754,-0.840848,-1.42542,-0.00232936,0.204859,
0.5606,-0.613285,-0.469909,-0.94079,0.223174,0.372816,
0.110913,-0.262588,-0.114822,-0.793401,0.446059,0.467169,
-0.220912,0.0933482,0.174977,-0.675633,0.460258,0.374247,
-0.357237,0.366511,0.353207,-0.493366,0.24752,0.11956,
-0.399292,0.412516,0.316329,-0.272506,-0.0914991,-0.186659,
-0.436387,0.133999,0.0188983,0.029245,-0.349477,-0.342277,
-0.477962,-0.389079,-0.417821,0.392933,-0.258565,-0.159598,
-0.605263,-0.694464,-0.636691,0.582789,0.111383,0.194897,
-0.877015,-0.78706,-0.70127,0.539908,0.301949,0.35852,
-1.37783,-0.963086,-0.855267,0.00590542,0.279251,0.352956,
-0.606816,-1.21934,-1.07867,-1.47673,-0.109442,0.129634,
0.508898,-0.932494,-0.840443,-1.27362,-0.343869,0.0852504,
0.330155,-0.679654,-0.518302,-0.89296,-0.00520205,0.320691,
-0.281125,-0.545531,-0.329828,-0.738558,0.309699,0.465246,
-0.693127,-0.450057,-0.26944,-0.468194,0.480413,0.510042,
-0.87024,-0.408542,-0.27913,-0.20731,0.544898,0.522562,
-0.940666,-0.407201,-0.313839,-0.0406868,0.564762,0.528792,
-0.989505,-0.435527,-0.361729,0.0251704,0.56827,0.532293,
-1.06002,-0.498072,-0.430801,-0.024188,0.561667,0.531171,
-1.16347,-0.611876,-0.539483,-0.287119,0.536496,0.51779,
-0.975209,-0.765714,-0.67549,-1.09507,0.468106,0.474895,
0.272936,-0.653687,-0.552526,-1.42343,0.432824,0.459068,
0.868781,-0.121357,-0.0373982,-0.839331,0.516991,0.491244,
1.07259,0.585451,0.593429,-0.423267,0.285164,0.202272,
1.42327,0.99916,0.94386,0.618468,0.011361,-0.0781613,
0.0469983,1.06931,0.981651,1.53192,0.167902,-0.025691,
-0.606354,0.762503,0.658943,1.06689,0.00532863,-0.202852,
-0.171286,0.497797,0.349722,0.827355,-0.30467,-0.412258,
0.329228,0.261342,0.129053,0.678633,-0.483804,-0.476213,
0.603003,0.0658646,-0.0110912,0.40273,-0.515507,-0.43894,
0.657453,-0.0948252,-0.112266,0.053591,-0.45213,-0.349767,
0.472383,-0.2547,-0.21572,-0.319109,-0.301895,-0.20363,
-0.0419571,-0.421948,-0.339856,-0.548844,-0.0201118,0.0441551,
-0.64531,-0.524484,-0.437132,-0.359053,0.306234,0.325032,
-0.933774,-0.5853,-0.505717,-0.100921,0.4621,0.460922,
-1.11882,-0.690319,-0.606171,-0.150678,0.48033,0.482744,
-1.16532,-0.878021,-0.772956,-0.881669,0.396184,0.430322,
0.0825651,-0.877789,-0.751793,-1.49437,0.27077,0.361894,
0.72836,-0.468385,-0.345599,-0.971658,0.402566,0.453894,
0.592462,0.114919,0.198934,-0.715793,0.466397,0.41405,
0.645531,0.638294,0.62407,-0.66843,0.144268,0.051919,
1.0018,0.857296,0.790025,-0.500774,-0.146192,-0.22188,
1.46199,1.12333,1.01923,0.615037,-0.0785589,-0.199901,
0.0518812,1.15802,1.0769,1.53687,0.469509,0.07481,
-0.58268,0.772723,0.732028,1.08185,0.418677,-0.0739958,
-0.0955777,0.655665,0.479129,0.838434,0.0157576,-0.34039,
0.507127,0.604055,0.375892,0.6401,-0.296898,-0.473055,
0.842941,0.581826,0.392498,0.376516,-0.451212,-0.516238,
1.00721,0.618464,0.47077,0.277209,-0.495381,-0.523421,
1.11856,0.721333,0.59331,0.501272,-0.474645,-0.504138,
0.732935,0.839526,0.710151,1.2998,-0.393973,-0.451047,
-0.462077,0.631932,0.507098,1.32491,-0.39981,-0.457239,
-0.815066,0.0728457,-0.0280341,0.783593,-0.503408,-0.478733,
-0.937096,-0.594889,-0.603633,0.519984,-0.254771,-0.166173,
-1.41668,-0.962777,-0.905882,-0.11242,0.0317737,0.118182,
-0.469749,-1.16366,-1.07047,-1.51262,-0.195796,0.00684486,
0.553197,-0.877734,-0.796599,-1.22156,-0.245617,0.0694683,
0.292447,-0.639047,-0.491656,-0.872312,0.0998393,0.325868,
-0.303245,-0.479351,-0.302301,-0.721429,0.378598,0.466863,
-0.683473,-0.364493,-0.224221,-0.446548,0.513328,0.505263,
-0.832779,-0.300866,-0.205688,-0.159337,0.558175,0.510922,
-0.853893,-0.259831,-0.198209,0.0772286,0.568923,0.510825,
-0.799939,-0.210597,-0.171997,0.270607,0.567073,0.506826,
-0.669215,-0.120863,-0.100458,0.443785,0.552325,0.490502,
-0.407831,0.0559709,0.0561991,0.602964,0.497689,0.432812,
0.0829497,0.365577,0.337738,0.664663,0.307507,0.241519,
0.686347,0.668245,0.610893,0.444438,-0.0644218,-0.119507,
1.04747,0.834748,0.755825,0.307359,-0.267767,-0.316272,
1.10875,1.03688,0.927212,1.00769,-0.190857,-0.284018,
-0.17174,1.00722,0.879703,1.47753,0.00612058,-0.195828,
-0.595615,0.659041,0.519919,0.986402,-0.185612,-0.349185,
-0.168838,0.309865,0.158273,0.804019,-0.42679,-0.465341,
0.190844,-0.0481734,-0.14121,0.69532,-0.472234,-0.39689,
0.348398,-0.339619,-0.339081,0.518666,-0.28678,-0.160283,
0.396102,-0.42364,-0.336054,0.30277,0.0455372,0.149663,
0.430713,-0.189979,-0.0714607,0.0145173,0.328404,0.337139,
0.467329,0.320142,0.364561,-0.353018,0.297635,0.204528,
0.575479,0.672777,0.621865,-0.573605,-0.0680896,-0.156779,
0.822652,0.771578,0.688247,-0.565403,-0.290737,-0.348732,
1.28421,0.919298,0.815911,-0.173111,-0.301977,-0.367459,
0.867371,1.20737,1.06705,1.35877,0.0168613,-0.177942,
-0.419253,0.994269,0.896396,1.35822,0.358229,-0.0627851,
-0.419273,0.705617,0.559536,0.92439,0.0579062,-0.287794,
0.189147,0.561158,0.347185,0.770227,-0.273176,-0.451921,
0.643352,0.455133,0.267547,0.515345,-0.464963,-0.506208,
0.848162,0.402737,0.267546,0.241039,-0.540447,-0.520367,
0.924833,0.392099,0.296188,0.0505707,-0.564502,-0.526864,
0.96563,0.408884,0.335634,-0.0466516,-0.570497,-0.531197,
1.0171,0.452636,0.389094,-0.0508197,-0.568335,-0.532732,
1.10556,0.536106,0.471786,0.0786562,-0.555517,-0.527716,
1.18975,0.678366,0.602026,0.536555,-0.514923,-0.503618,
0.475097,0.778821,0.681387,1.43846,-0.433191,-0.453179,
-0.655874,0.465506,0.368635,1.18449,-0.472391,-0.484468,
-0.934529,-0.192823,-0.251172,0.639624,-0.477713,-0.418643,
-1.26375,-0.795544,-0.770418,0.17034,-0.114036,-0.0313402,
-0.935381,-1.09995,-1.02513,-1.30725,-0.0592695,0.0622246,
0.408883,-0.946441,-0.857652,-1.37158,-0.154191,0.0703687,
0.482165,-0.642191,-0.516517,-0.914416,0.135185,0.3075,
-0.0660224,-0.393415,-0.243664,-0.779014,0.402009,0.456921,
-0.476355,-0.172093,-0.0616001,-0.572465,0.512211,0.468671,
-0.652461,0.00478519,0.056098,-0.259042,0.498228,0.406442,
-0.612896,0.160735,0.153617,0.10838,0.400994,0.297046,
-0.294624,0.327703,0.267329,0.45453,0.20044,0.112941,
0.327495,0.477671,0.388723,0.51754,-0.129673,-0.173068,
0.801259,0.550416,0.467291,0.224216,-0.39515,-0.402201,
1.01275,0.623264,0.543359,0.0755885,-0.48148,-0.479528,
1.20133,0.763695,0.672633,0.340833,-0.457408,-0.469188,
0.723853,0.939799,0.821466,1.37055,-0.324307,-0.386422,
-0.519907,0.729557,0.604986,1.29688,-0.301883,-0.39029,
-0.687937,0.232393,0.116145,0.805097,-0.467925,-0.475884,
-0.569589,-0.378285,-0.419939,0.694002,-0.365989,-0.282158,
-0.76003,-0.753071,-0.709548,0.631216,0.0164581,0.100852,
-1.25089,-0.943524,-0.861993,0.269229,0.174332,0.254149,
-0.950371,-1.23354,-1.11585,-1.31304,-0.123831,0.0831702,
0.383979,-0.978162,-0.941454,-1.38464,-0.562439,-0.0691769,
0.451993,-0.700686,-0.607632,-0.933713,-0.248515,0.198033,
-0.179448,-0.633372,-0.417697,-0.776129,0.132549,0.412093,
-0.680933,-0.588855,-0.372185,-0.521789,0.379285,0.497783,
-0.922173,-0.5898,-0.419845,-0.306707,0.479114,0.522323,
-1.06122,-0.653646,-0.516936,-0.318375,0.493714,0.519015,
-1.09825,-0.781215,-0.654388,-0.775055,0.446663,0.48521,
-0.192684,-0.809019,-0.679054,-1.48579,0.368874,0.436404,
0.717529,-0.429698,-0.310213,-1.07587,0.455907,0.486365,
0.832186,0.225284,0.294273,-0.653848,0.456669,0.392582,
1.09902,0.77659,0.750649,-0.37871,0.0884454,0.00235208,
1.34184,1.09508,1.01881,0.874136,0.00211423,-0.108382,
-0.116389,1.07655,0.990224,1.50248,0.305204,0.0233619,
-0.565787,0.75824,0.656235,1.01953,0.108068,-0.181618,
-0.031901,0.568536,0.3975,0.819206,-0.233455,-0.4023,
0.496785,0.424524,0.25865,0.616882,-0.450736,-0.490617,
0.768041,0.333533,0.213026,0.321343,-0.538931,-0.50924,
0.85322,0.283617,0.203921,0.0539559,-0.56499,-0.511344,
0.840325,0.243157,0.192002,-0.16135,-0.569416,-0.510157,
0.758382,0.182194,0.151175,-0.342787,-0.563496,-0.502887,
0.585188,0.0644121,0.0514236,-0.51125,-0.538603,-0.475802,
0.243877,-0.1636,-0.153761,-0.650483,-0.446966,-0.380986,
-0.337538,-0.504981,-0.464487,-0.610823,-0.167293,-0.103884,
-0.856849,-0.741011,-0.674873,-0.339734,0.180786,0.230271,
-1.15227,-0.907149,-0.817904,-0.433391,0.269743,0.326728,
-0.650291,-1.08971,-0.966651,-1.42494,0.0906781,0.229026,
0.505626,-0.874921,-0.748733,-1.28739,0.031958,0.238378,
0.453495,-0.520468,-0.369494,-0.873729,0.296726,0.414837,
-0.000602181,-0.166038,-0.0301864,-0.769371,0.473313,0.460566,
-0.27504,0.179037,0.236352,-0.630556,0.424127,0.320116,
-0.374664,0.406011,0.367751,-0.436466,0.163157,0.0361577,
-0.409029,0.370987,0.26095,-0.199328,-0.176864,-0.250348,
-0.444235,0.0065292,-0.0956793,0.133282,-0.370192,-0.33137,
-0.492573,-0.506902,-0.50552,0.470898,-0.162922,-0.059308,
-0.652609,-0.72159,-0.653014,0.598697,0.185684,0.259472,
-0.965243,-0.809402,-0.71893,0.491176,0.320711,0.375109,
-1.46458,-1.03115,-0.914941,-0.33657,0.238771,0.328146,
-0.257837,-1.19731,-1.06201,-1.54208,-0.219136,0.0813794,
0.573222,-0.85542,-0.757577,-1.15473,-0.274945,0.138945,
0.19437,-0.64334,-0.460324,-0.859309,0.0842966,0.36783,
-0.393932,-0.512117,-0.300618,-0.687522,0.366643,0.481878,
-0.743172,-0.424215,-0.257908,-0.40394,0.504842,0.513282,
-0.883045,-0.38818,-0.27117,-0.15421,0.554008,0.522488,
-0.935168,-0.38595,-0.301878,0.00605972,0.568877,0.52798,
-0.9695,-0.406857,-0.340606,0.0805643,0.571963,0.531724,
-1.02177,-0.453622,-0.393955,0.0677829,0.568732,0.532737,
-1.11434,-0.541012,-0.478516,-0.0800336,0.554842,0.526959,
-1.19141,-0.688401,-0.612208,-0.580019,0.511409,0.500838,
-0.386949,-0.774658,-0.676944,-1.46419,0.42942,0.450629,
0.695576,-0.433701,-0.337972,-1.14312,0.478729,0.48757,
0.944065,0.238533,0.291871,-0.61459,0.464045,0.40098,
1.2939,0.819581,0.790645,-0.119619,0.0943348,0.0119857,
0.841236,1.10661,1.02944,1.36586,0.0717009,-0.056535,
-0.450888,0.927466,0.838204,1.34061,0.145049,-0.0810102,
-0.453961,0.627375,0.498628,0.901034,-0.15316,-0.320105,
0.0968574,0.380482,0.231384,0.770978,-0.412424,-0.460778,
0.493884,0.162336,0.0547999,0.556017,-0.514302,-0.466966,
0.657456,-0.0116574,-0.0599371,0.238133,-0.49571,-0.402661,
0.604726,-0.167167,-0.157393,-0.130763,-0.395129,-0.291535,
0.267993,-0.335913,-0.273671,-0.469881,-0.188755,-0.102972,
-0.361911,-0.484853,-0.396025,-0.508084,0.14507,0.186416,
-0.817716,-0.556849,-0.47419,-0.210462,0.401758,0.408423,
-1.02537,-0.633599,-0.553104,-0.0813702,0.480459,0.47951,
-1.2127,-0.781339,-0.688366,-0.394825,0.449165,0.463991,
-0.607829,-0.944717,-0.823987,-1.42686,0.308785,0.377492,
0.572703,-0.699385,-0.574747,-1.24969,0.310374,0.397092,
0.668326,-0.191432,-0.0769729,-0.787112,0.473787,0.474327,
0.561947,0.414283,0.448885,-0.694832,0.342872,0.255837,
0.767117,0.762812,0.715688,-0.630031,-0.037986,-0.121106,
1.26816,0.94993,0.866343,-0.248699,-0.179349,-0.259683,
0.909233,1.2374,1.1186,1.33973,0.137417,-0.0775835,
-0.402536,0.967429,0.93243,1.37188,0.562865,0.0640231,
-0.439092,0.697789,0.600898,0.927663,0.239648,-0.205752,
0.195297,0.632424,0.414571,0.771531,-0.139577,-0.415871,
0.689716,0.588785,0.372382,0.514813,-0.382644,-0.499,
0.926437,0.591258,0.421846,0.303893,-0.479878,-0.522564,
1.06453,0.656846,0.520291,0.323656,-0.492907,-0.518557,
1.0921,0.78557,0.65842,0.798652,-0.44406,-0.483672,
0.154932,0.804162,0.674131,1.48772,-0.368117,-0.436204,
-0.72782,0.414663,0.295496,1.05899,-0.459498,-0.487834,
-0.833874,-0.244893,-0.311308,0.647185,-0.450256,-0.384039,
-1.11137,-0.786148,-0.758398,0.366769,-0.0791385,0.00664819,
-1.31503,-1.10244,-1.02493,-0.921376,-0.00790226,0.105276,
0.145838,-1.06858,-0.98299,-1.49407,-0.308601,-0.0225831,
0.559035,-0.752063,-0.648265,-1.00962,-0.0994795,0.188401,
0.0156791,-0.56476,-0.392696,-0.815907,0.240459,0.406021,
-0.507484,-0.422193,-0.257114,-0.609625,0.454076,0.491644,
-0.772594,-0.332967,-0.213451,-0.31381,0.540025,0.509537,
-0.8547,-0.284159,-0.205097,-0.0484116,0.565328,0.511646,
-0.840832,-0.244324,-0.193435,0.164604,0.56962,0.510567,
-0.759164,-0.183913,-0.15288,0.344022,0.563827,0.503458,
-0.587332,-0.0670069,-0.0537901,0.510995,0.539416,0.476824,
-0.248844,0.159571,0.150151,0.650048,0.449342,0.383487,
0.330119,0.50095,0.460936,0.613457,0.172505,0.108989,
0.852552,0.739336,0.6735,0.342411,-0.177499,-0.227163,
1.14968,0.905169,0.816279,0.427933,-0.269828,-0.326511,
0.666005,1.08945,0.966705,1.41771,-0.0931058,-0.230164,
-0.499475,0.878924,0.752828,1.29335,-0.029531,-0.236429,
-0.458131,0.524495,0.37376,0.87586,-0.293579,-0.413201,
-0.00302479,0.170593,0.034066,0.77041,-0.472473,-0.46119,
0.274115,-0.174676,-0.233191,0.632074,-0.426397,-0.323119,
0.375291,-0.403876,-0.366836,0.437723,-0.167998,-0.0407873,
0.409267,-0.373204,-0.263675,0.200284,0.172115,0.246869,
0.442303,-0.0134521,0.0897209,-0.131739,0.369323,0.332013,
0.487143,0.500455,0.500547,-0.470234,0.168143,0.064383,
0.643103,0.718247,0.650024,-0.60139,-0.182773,-0.25706,
0.948177,0.802826,0.712685,-0.503168,-0.322722,-0.376488,
1.45628,1.015,0.900272,0.261598,-0.25197,-0.336858,
0.321505,1.2029,1.06504,1.53722,0.192107,-0.0938666,
-0.566898,0.869765,0.771327,1.17653,0.279449,-0.13277,
-0.222097,0.64768,0.467816,0.86487,-0.0759309,-0.362122,
0.3699,0.511529,0.300245,0.698482,-0.361952,-0.479874,
0.729474,0.418058,0.251078,0.416544,-0.503692,-0.512016,
0.873621,0.376443,0.259656,0.158583,-0.554325,-0.520777,
0.921885,0.36737,0.284863,-0.0166489,-0.569828,-0.526031,
0.943591,0.376999,0.313919,-0.115205,-0.57394,-0.530052,
0.971604,0.403215,0.349038,-0.147488,-0.573753,-0.532592,
1.02693,0.453789,0.400828,-0.105275,-0.569362,-0.532706,
1.12734,0.546605,0.487469,0.0715749,-0.554195,-0.525862,
1.19489,0.701786,0.626317,0.635729,-0.506774,-0.496835,
0.273154,0.768432,0.670682,1.4874,-0.42458,-0.447099,
-0.740718,0.393643,0.299487,1.08951,-0.4857,-0.490415,
-0.954832,-0.293217,-0.340151,0.584724,-0.444524,-0.377115,
-1.3266,-0.846611,-0.813319,0.0571149,-0.0725139,0.00949582,
-0.736415,-1.11264,-1.03281,-1.41942,-0.0868328,0.0499182,
0.49085,-0.907305,-0.817367,-1.30582,-0.135956,0.0924956,
0.420439,-0.612831,-0.480642,-0.888355,0.170284,0.33259,
-0.132017,-0.36958,-0.220816,-0.761434,0.421954,0.464415,
-0.515367,-0.157082,-0.0518816,-0.53635,0.516597,0.466251,
-0.665883,0.0117754,0.0580935,-0.213413,0.495826,0.402378,
-0.599736,0.165999,0.155307,0.155754,0.395927,0.293355,
-0.246645,0.339543,0.277704,0.485913,0.188817,0.10434,
0.389641,0.495492,0.408097,0.502443,-0.147924,-0.189321,
0.834404,0.572696,0.490342,0.204053,-0.400479,-0.40912,
1.0451,0.657652,0.575466,0.102412,-0.472358,-0.475002,
1.22502,0.818819,0.721592,0.508603,-0.428206,-0.450625,
0.395885,0.950508,0.82548,1.49317,-0.276691,-0.359544,
-0.642231,0.650497,0.524722,1.16588,-0.321185,-0.406686,
-0.619767,0.131839,0.0195637,0.767097,-0.478236,-0.468256,
-0.524968,-0.45538,-0.480777,0.704765,-0.309317,-0.217992,
-0.73351,-0.762975,-0.711011,0.648661,0.0675254,0.149314,
-1.21,-0.928256,-0.842723,0.321811,0.20526,0.281785,
-1.05122,-1.22573,-1.10314,-1.23801,-0.0722754,0.120528,
0.332334,-1.011,-0.965357,-1.41589,-0.557896,-0.0662344,
0.481171,-0.709877,-0.623679,-0.951247,-0.275087,0.185917,
-0.139201,-0.636941,-0.422591,-0.787616,0.111018,0.405696,
-0.657327,-0.590077,-0.368551,-0.539953,0.368481,0.495733,
-0.91031,-0.586204,-0.411965,-0.314207,0.476256,0.522136,
-1.05159,-0.644505,-0.505733,-0.303495,0.495698,0.520676,
-1.11217,-0.767833,-0.641064,-0.707516,0.454123,0.490105,
-0.307822,-0.820937,-0.690861,-1.47189,0.372458,0.438264,
0.681691,-0.473296,-0.352697,-1.1275,0.445087,0.481661,
0.829371,0.166708,0.243143,-0.674558,0.473323,0.415974,
1.06624,0.747348,0.727104,-0.409254,0.117649,0.0306186,
1.40354,1.07264,1.00011,0.736003,-0.0115353,-0.115196,
-0.0291843,1.0972,1.00886,1.52231,0.291412,0.0230924,
-0.580753,0.776062,0.678594,1.04908,0.130019,-0.163165,
-0.078116,0.578383,0.410723,0.828113,-0.214785,-0.39172,
0.464769,0.42953,0.261992,0.637095,-0.44174,-0.487543,
0.753358,0.332619,0.20982,0.342774,-0.535981,-0.508024,
0.84689,0.278362,0.197461,0.0685732,-0.56388,-0.509756,
0.834835,0.234281,0.183167,-0.155788,-0.568232,-0.507763,
0.747294,0.168308,0.138464,-0.346356,-0.560912,-0.498958,
0.559929,0.0412846,0.0306594,-0.521774,-0.531363,-0.467302,
0.190949,-0.2017,-0.18808,-0.656809,-0.424123,-0.357448,
-0.4102,-0.54231,-0.497688,-0.583631,-0.118422,-0.0562741,
-0.897449,-0.757815,-0.689022,-0.317449,0.208381,0.256476,
-1.17545,-0.92871,-0.835953,-0.498815,0.265042,0.325848,
-0.487447,-1.08914,-0.963417,-1.4839,0.0651493,0.217063,
0.558703,-0.834428,-0.707122,-1.2263,0.0569231,0.258049,
0.403947,-0.480647,-0.327643,-0.854726,0.326399,0.429637,
-0.0382981,-0.12245,0.00645304,-0.758327,0.479719,0.453143,
-0.287332,0.218044,0.263886,-0.613456,0.401317,0.290842,
-0.373281,0.42146,0.372055,-0.41929,0.118812,-0.00563826,
-0.410255,0.345818,0.231625,-0.18026,-0.217322,-0.27872,
-0.458185,-0.0594169,-0.152088,0.161022,-0.372327,-0.319901,
-0.529042,-0.559129,-0.544988,0.484997,-0.113804,-0.0119509,
-0.718818,-0.744904,-0.672984,0.580619,0.210791,0.280613,
-1.08756,-0.855791,-0.762157,0.392958,0.306826,0.366053,
-1.35267,-1.13223,-1.00535,-0.859541,0.134643,0.261647,
0.0986501,-1.12721,-1.01503,-1.50748,-0.357758,0.027545,
0.555754,-0.777281,-0.672112,-1.03211,-0.220267,0.189547,
0.0173146,-0.618533,-0.416538,-0.824621,0.145909,0.403478,
-0.530166,-0.51207,-0.303012,-0.612778,0.399328,0.493844,
-0.815092,-0.453573,-0.293893,-0.332284,0.513195,0.519742,
-0.933765,-0.446633,-0.3306,-0.137786,0.551212,0.528909,
-1.00758,-0.480821,-0.390157,-0.0709242,0.558462,0.532107,
-1.09661,-0.560085,-0.478326,-0.169078,0.546837,0.526916,
-1.15663,-0.696057,-0.608085,-0.617233,0.504321,0.501424,
-0.401777,-0.773153,-0.669236,-1.45148,0.42738,0.454394,
0.674267,-0.439305,-0.339411,-1.15758,0.477524,0.489471,
0.932718,0.227275,0.284103,-0.631467,0.467518,0.404826,
1.27974,0.812122,0.784469,-0.150569,0.0988509,0.015639,
0.88709,1.10676,1.03017,1.33922,0.0674691,-0.0589535,
-0.430702,0.9386,0.849859,1.35591,0.157011,-0.072415,
-0.465698,0.637917,0.510406,0.908048,-0.138081,-0.31158,
0.0873786,0.394505,0.243525,0.77472,-0.40373,-0.458467,
0.493995,0.180366,0.0689898,0.560896,-0.513851,-0.470925,
0.66516,0.0108143,-0.0423638,0.243743,-0.504258,-0.414179,
0.621687,-0.141513,-0.138098,-0.12195,-0.416569,-0.314496,
0.304239,-0.315177,-0.260255,-0.462812,-0.228927,-0.141125,
-0.318355,-0.486417,-0.401324,-0.527913,0.0988607,0.146856,
-0.805926,-0.575799,-0.492871,-0.238105,0.375746,0.388835,
-1.03256,-0.660393,-0.577879,-0.109422,0.463534,0.468394,
-1.22118,-0.818519,-0.721418,-0.478174,0.425339,0.448648,
-0.450181,-0.961432,-0.836024,-1.48159,0.271396,0.355833,
0.622695,-0.676977,-0.550045,-1.18905,0.30329,0.396256,
0.6122,-0.172837,-0.055965,-0.779142,0.472207,0.470845,
0.485279,0.410137,0.444358,-0.715801,0.337448,0.247723,
0.655372,0.736113,0.687572,-0.678361,-0.0454142,-0.129928,
1.06077,0.876829,0.794207,-0.464692,-0.225659,-0.296188,
1.37975,1.15791,1.03965,0.832752,-0.0703914,-0.208828,
-0.0811945,1.12494,1.04586,1.51275,0.490641,0.0571237,
-0.564178,0.755698,0.69581,1.03685,0.364294,-0.122876,
-0.0221055,0.649366,0.454897,0.825402,-0.0332216,-0.369594,
0.554918,0.593658,0.364806,0.610767,-0.326809,-0.483567,
0.861046,0.572897,0.388041,0.353389,-0.464647,-0.519422,
1.01413,0.611675,0.467867,0.26751,-0.501829,-0.524638,
1.1211,0.715761,0.59049,0.501859,-0.479186,-0.505184,
0.7269,0.832979,0.705627,1.30286,-0.399362,-0.452994,
-0.467001,0.622187,0.499151,1.32168,-0.406635,-0.460181,
-0.823609,0.0572704,-0.0408561,0.77794,-0.504631,-0.477058,
-0.962745,-0.61027,-0.616262,0.501505,-0.245221,-0.156874,
-1.4417,-0.978279,-0.920182,-0.216126,0.0275882,0.115358,
-0.365124,-1.15132,-1.05897,-1.53065,-0.208933,0.00087515,
0.573122,-0.854943,-0.769663,-1.18493,-0.20736,0.0934944,
0.255626,-0.620354,-0.469002,-0.862009,0.13776,0.344276,
-0.328154,-0.454038,-0.281992,-0.708067,0.40133,0.472753,
-0.687241,-0.33389,-0.201773,-0.428827,0.522187,0.503325,
-0.820316,-0.2621,-0.175539,-0.133921,0.558912,0.504013,
-0.818557,-0.205306,-0.153308,0.122181,0.563374,0.498646,
-0.717937,-0.124611,-0.0981522,0.344752,0.550877,0.484153,
-0.48997,0.0275889,0.0308338,0.542673,0.504911,0.436835,
-0.0442629,0.305052,0.280257,0.659899,0.347739,0.279744,
0.579862,0.620693,0.565867,0.499784,-0.00853748,-0.0660459,
0.986436,0.794584,0.719066,0.285359,-0.263117,-0.308702,
1.194,0.982532,0.880236,0.729089,-0.24328,-0.316716,
0.109021,1.05733,0.928025,1.52648,-0.0233135,-0.203359,
-0.619003,0.734831,0.601788,1.08576,-0.132458,-0.312158,
-0.285502,0.378323,0.224777,0.821863,-0.391752,-0.456199,
0.108032,0.00805811,-0.0994228,0.730203,-0.479617,-0.421363,
0.295063,-0.315957,-0.331115,0.579309,-0.3235,-0.201259,
0.356106,-0.44535,-0.369682,0.396109,0.0064716,0.117645,
0.419355,-0.258211,-0.141333,0.160022,0.313543,0.339942,
0.528214,0.243337,0.303896,-0.197648,0.345578,0.265429,
0.677088,0.676861,0.637474,-0.47309,-0.00691932,-0.0980471,
0.973613,0.835459,0.756401,-0.439678,-0.235243,-0.302466,
1.46406,1.0693,0.959242,0.392467,-0.169663,-0.273005,
0.216875,1.20097,1.08742,1.54474,0.340179,-0.00427657,
-0.576431,0.827331,0.766464,1.14141,0.39322,-0.0835964,
-0.169925,0.661185,0.487012,0.855932,0.0064546,-0.339072,
0.439632,0.581525,0.356054,0.674257,-0.305549,-0.472584,
0.797942,0.535962,0.34914,0.399192,-0.465053,-0.51632,
0.961555,0.547179,0.405464,0.232159,-0.518578,-0.528202,
1.07521,0.616622,0.50021,0.277864,-0.518602,-0.523112,
1.11334,0.745764,0.633536,0.730415,-0.472565,-0.49282,
0.260275,0.787519,0.667852,1.4761,-0.397489,-0.446518,
-0.708237,0.419369,0.308721,1.10157,-0.470353,-0.49027,
-0.885957,-0.247256,-0.308367,0.635977,-0.455509,-0.389905,
-1.2063,-0.805272,-0.776797,0.258307,-0.0842873,0.000271292,
-1.08816,-1.11579,-1.03788,-1.19114,-0.0473515,0.0755365,
0.322252,-0.99785,-0.911636,-1.42253,-0.240541,0.0223066,
0.508473,-0.695697,-0.575327,-0.947674,0.0328634,0.258401,
-0.0579513,-0.484903,-0.320148,-0.791985,0.336668,0.439758,
-0.520013,-0.310626,-0.17199,-0.575131,0.498206,0.490485,
-0.733227,-0.186749,-0.0988499,-0.264448,0.543947,0.481082,
-0.752218,-0.0852224,-0.0429161,0.0579832,0.534234,0.453336,
-0.597359,0.0474842,0.0518104,0.362573,0.48358,0.400898,
-0.208442,0.271942,0.241104,0.592829,0.339954,0.263638,
0.427428,0.554154,0.493306,0.545284,0.00993237,-0.0486086,
0.89781,0.719598,0.643586,0.271626,-0.284013,-0.322225,
1.16576,0.872793,0.778925,0.395782,-0.331873,-0.377906,
0.688141,1.06004,0.933698,1.40481,-0.159388,-0.278491,
-0.501328,0.854555,0.723513,1.29698,-0.101822,-0.27928,
-0.505602,0.468306,0.321417,0.864839,-0.344875,-0.435234,
-0.112671,0.0492824,-0.068424,0.771472,-0.475688,-0.438829,
0.0810428,-0.351893,-0.375728,0.696088,-0.320329,-0.20664,
0.11846,-0.528323,-0.462103,0.623009,0.0418432,0.145609,
0.181857,-0.393076,-0.29214,0.561542,0.353027,0.387868,
0.419004,0.0170917,0.0908871,0.415576,0.465101,0.416021,
0.783007,0.582005,0.574013,0.0945069,0.205498,0.112512,
1.11322,0.883549,0.819795,0.0181333,-0.102296,-0.18381,
1.18768,1.1391,1.03709,1.04479,-0.0110601,-0.150977,
-0.211727,1.06059,0.968758,1.47032,0.336632,-0.00488624,
-0.533384,0.743562,0.629663,0.990291,0.10954,-0.215071,
0.0314152,0.571754,0.382749,0.808915,-0.234152,-0.418921,
0.543695,0.442417,0.263255,0.589569,-0.44951,-0.496155,
0.796711,0.365701,0.235282,0.297886,-0.537707,-0.513891,
0.88108,0.331031,0.242007,0.0560792,-0.565734,-0.518936,
0.891484,0.313659,0.251639,-0.117809,-0.573572,-0.522111,
0.868652,0.296263,0.250654,-0.243331,-0.575276,-0.523687,
0.819681,0.265293,0.230456,-0.345666,-0.574277,-0.522378,
0.728972,0.203224,0.177903,-0.448379,-0.568545,-0.51466,
0.554517,0.0789502,0.0661737,-0.566015,-0.54555,-0.487447,
0.212497,-0.160054,-0.152228,-0.672196,-0.455056,-0.391469,
-0.365043,-0.513316,-0.474812,-0.608968,-0.17208,-0.108906,
-0.872183,-0.75335,-0.687992,-0.339959,0.174441,0.22516,
-1.16251,-0.924631,-0.834676,-0.4751,0.254539,0.315535,
-0.554328,-1.09434,-0.970854,-1.46319,0.0633105,0.212472,
0.537115,-0.855354,-0.729917,-1.25221,0.0333282,0.241732,
0.417682,-0.507058,-0.35444,-0.864098,0.305124,0.419701,
-0.0398586,-0.161244,-0.0263588,-0.762003,0.476166,0.459979,
-0.311194,0.170543,0.227134,-0.608705,0.427384,0.32248,
-0.408214,0.39006,0.352437,-0.393658,0.17701,0.0491678,
-0.422783,0.362472,0.251281,-0.125973,-0.157022,-0.232784,
-0.392647,0.0183959,-0.0872851,0.222857,-0.3573,-0.318971,
-0.361675,-0.465052,-0.46661,0.5296,-0.174053,-0.0657653,
-0.450973,-0.656766,-0.585304,0.661513,0.187611,0.263948,
-0.617429,-0.659154,-0.570148,0.669733,0.381102,0.419171,
-0.84516,-0.669917,-0.577084,0.57284,0.449595,0.469957,
-1.20466,-0.778112,-0.677703,0.232943,0.43674,0.462684,
-1.133,-1.04376,-0.913271,-1.12431,0.264604,0.352566,
0.29666,-0.975805,-0.831878,-1.43581,0.0441759,0.248565,
0.590738,-0.600579,-0.448428,-0.935276,0.247651,0.393637,
0.169268,-0.215974,-0.0667005,-0.788526,0.455338,0.466247,
-0.124085,0.182005,0.252774,-0.701698,0.426395,0.328342,
-0.224553,0.455448,0.422457,-0.581733,0.14268,0.0155578,
-0.279266,0.435447,0.333105,-0.460205,-0.214375,-0.289054,
-0.443436,0.0885796,-0.0106567,-0.266619,-0.421761,-0.397593,
-0.710314,-0.489429,-0.502096,0.0835408,-0.251714,-0.157181,
-0.992218,-0.823581,-0.765951,0.236004,0.0974034,0.1777,
-1.4113,-1.06413,-0.969463,-0.425143,0.11275,0.217331,
-0.226598,-1.18477,-1.08182,-1.54343,-0.333765,-0.0167642,
0.578196,-0.828544,-0.76405,-1.14323,-0.356023,0.077953,
0.176643,-0.654832,-0.485979,-0.855667,0.0250711,0.336765,
-0.42986,-0.562103,-0.349373,-0.67666,0.327055,0.471768,
-0.786481,-0.507906,-0.333145,-0.39881,0.478742,0.515718,
-0.944686,-0.510161,-0.378598,-0.210987,0.530686,0.52867,
-1.04856,-0.565454,-0.458881,-0.199951,0.535896,0.52801,
-1.13899,-0.679051,-0.578359,-0.484158,0.505573,0.508867,
-0.721076,-0.797926,-0.687183,-1.30498,0.429547,0.460887,
0.47947,-0.580014,-0.469804,-1.31487,0.437879,0.470823,
0.868852,0.00899802,0.0917008,-0.753088,0.508195,0.468917,
1.08971,0.674326,0.668909,-0.395038,0.207233,0.121257,
1.38564,1.04135,0.977937,0.760822,0.00399543,-0.0927442,
-0.0486257,1.06725,0.97846,1.51757,0.211463,-0.0114359,
-0.59049,0.754034,0.648305,1.03714,0.0261891,-0.203745,
-0.105548,0.515064,0.358822,0.822438,-0.291853,-0.413345,
0.401756,0.311779,0.169848,0.650562,-0.480008,-0.483394,
0.669544,0.155294,0.0648533,0.35599,-0.533806,-0.46986,
0.721907,0.0293826,-0.00947978,0.016566,-0.513783,-0.425133,
0.570611,-0.117125,-0.110587,-0.32378,-0.437963,-0.347197,
0.145292,-0.336894,-0.289838,-0.575303,-0.250381,-0.172491,
-0.505542,-0.56774,-0.49502,-0.490998,0.0998583,0.149859,
-0.92278,-0.693751,-0.613433,-0.22192,0.347252,0.375338,
-1.16954,-0.8384,-0.743711,-0.357945,0.374797,0.410777,
-0.749607,-1.02922,-0.903627,-1.36871,0.21608,0.316407,
0.48258,-0.839795,-0.707686,-1.31702,0.15474,0.308034,
0.560969,-0.427776,-0.28676,-0.860075,0.377664,0.44779,
0.226753,0.0465018,0.147907,-0.766974,0.466994,0.415055,
0.115041,0.475521,0.4757,-0.735154,0.224661,0.113946,
0.166429,0.611931,0.539689,-0.72362,-0.152722,-0.235356,
0.211976,0.518021,0.427443,-0.727934,-0.398792,-0.428223,
0.146721,0.306322,0.227275,-0.727913,-0.518854,-0.499137,
-0.121242,-0.0482212,-0.0936226,-0.68593,-0.514865,-0.450513,
-0.604722,-0.535706,-0.521798,-0.474458,-0.24977,-0.158687,
-1.00514,-0.83794,-0.774889,-0.26722,0.0935842,0.174408,
-1.19772,-1.05383,-0.957057,-0.844761,0.104218,0.214371,
0.0333257,-1.07328,-0.95953,-1.51473,-0.144001,0.100289,
0.588963,-0.750778,-0.625764,-1.04464,0.0194988,0.25745,
0.134085,-0.481339,-0.312531,-0.824564,0.322427,0.4369,
-0.344187,-0.237052,-0.093246,-0.668545,0.489589,0.475582,
-0.59733,-0.0322109,0.0468837,-0.390374,0.50755,0.419716,
-0.635769,0.136705,0.14759,-0.0378712,0.424553,0.31047,
-0.424992,0.293619,0.240222,0.337691,0.244608,0.139455,
0.118575,0.428987,0.332328,0.537326,-0.0600285,-0.119478,
0.679391,0.490868,0.398178,0.311275,-0.360509,-0.368611,
0.92126,0.530784,0.452145,0.0517591,-0.492537,-0.480955,
1.07105,0.610936,0.533174,0.0429566,-0.514837,-0.504196,
1.22967,0.767143,0.676073,0.480333,-0.467337,-0.475807,
0.442013,0.897205,0.78023,1.47607,-0.339093,-0.39697,
-0.650087,0.59613,0.478522,1.17547,-0.379213,-0.436497,
-0.729393,0.0247481,-0.0695622,0.729621,-0.490611,-0.459908,
-0.767886,-0.5897,-0.592379,0.608278,-0.22891,-0.139874,
-1.17036,-0.893763,-0.834579,0.331613,0.0822786,0.16218,
-1.1474,-1.1865,-1.08586,-1.14764,-0.0600668,0.0965682,
0.278649,-1.03476,-0.97412,-1.44373,-0.480453,-0.0712874,
0.506769,-0.727849,-0.636642,-0.968639,-0.219234,0.174535,
-0.0981458,-0.620632,-0.424052,-0.797565,0.153269,0.399711,
-0.622735,-0.550093,-0.350175,-0.558209,0.397098,0.493768,
-0.879804,-0.529131,-0.372977,-0.308563,0.499919,0.522556,
-1.0104,-0.566,-0.443633,-0.219992,0.525674,0.527631,
-1.11697,-0.66257,-0.554017,-0.395756,0.507202,0.513834,
-0.930869,-0.797302,-0.683704,-1.11271,0.438579,0.469615,
0.261393,-0.680212,-0.563779,-1.42118,0.40782,0.454207,
0.826882,-0.165378,-0.0669279,-0.863024,0.508508,0.493154,
0.970339,0.531521,0.550363,-0.512225,0.312818,0.228115,
1.42707,0.949242,0.898088,0.178513,-0.00399794,-0.0895183,
0.409348,1.13604,1.04656,1.52265,0.169816,-0.0162702,
-0.570671,0.856536,0.76664,1.1977,0.158131,-0.108611,
-0.286556,0.601459,0.454697,0.862343,-0.174611,-0.352843,
0.282087,0.405098,0.244691,0.719418,-0.423447,-0.473385,
0.637311,0.251915,0.134545,0.449214,-0.527439,-0.489998,
0.761265,0.142561,0.0751998,0.127721,-0.544243,-0.470513,
0.708495,0.0346724,0.00940709,-0.190736,-0.51824,-0.435187,
0.464824,-0.130949,-0.119902,-0.476932,-0.438671,-0.357573,
-0.0490846,-0.398326,-0.352855,-0.62224,-0.218881,-0.14853,
-0.672475,-0.639426,-0.570617,-0.418145,0.14597,0.194159,
-1.02185,-0.776308,-0.694155,-0.242224,0.333129,0.369493,
-1.19828,-0.964591,-0.857876,-0.756881,0.284795,0.350978,
-0.0656831,-1.0273,-0.894401,-1.52234,0.0794409,0.242713,
0.636692,-0.690739,-0.554841,-1.06315,0.198954,0.349728,
0.325919,-0.293287,-0.148724,-0.807731,0.430218,0.46494,
0.00376308,0.137142,0.21868,-0.742575,0.445818,0.365831,
-0.102688,0.468354,0.448553,-0.663135,0.173119,0.0536394,
-0.127486,0.506463,0.417618,-0.60126,-0.194789,-0.27287,
-0.252086,0.252937,0.156226,-0.523979,-0.434408,-0.433007,
-0.570766,-0.263302,-0.305957,-0.298975,-0.407342,-0.329602,
-0.91912,-0.74107,-0.703451,-0.00200754,-0.0398884,0.0481857,
-1.27821,-0.982713,-0.903538,-0.245785,0.121037,0.210601,
-0.56856,-1.18552,-1.07522,-1.483,-0.163235,0.058304,
0.522449,-0.906948,-0.823033,-1.25983,-0.293613,0.0700566,
0.326045,-0.660646,-0.508296,-0.885861,0.0490461,0.31875,
-0.277051,-0.509205,-0.315057,-0.735325,0.346629,0.464444,
-0.677898,-0.398859,-0.240508,-0.46502,0.499577,0.506753,
-0.843416,-0.341315,-0.231281,-0.185053,0.554263,0.515625,
-0.885718,-0.313905,-0.239278,0.0311948,0.570354,0.519095,
-0.873099,-0.293324,-0.241084,0.189115,0.574261,0.521108,
-0.826609,-0.262223,-0.224302,0.313269,0.573732,0.520331,
-0.73671,-0.201543,-0.174997,0.429514,0.568045,0.513076,
-0.564057,-0.0800147,-0.0668273,0.555197,0.54536,0.486593,
-0.226198,0.154578,0.146994,0.667654,0.456991,0.393085,
0.348724,0.505544,0.467371,0.613486,0.178935,0.115517,
0.862864,0.748365,0.683303,0.343551,-0.170892,-0.221657,
1.15702,0.918142,0.828863,0.457393,-0.257886,-0.317593,
0.597142,1.09373,0.970718,1.44741,-0.072214,-0.217291,
-0.523379,0.865206,0.739828,1.26809,-0.0289869,-0.237922,
-0.432044,0.51558,0.36361,0.868763,-0.298803,-0.416395,
0.026774,0.168793,0.0326712,0.765217,-0.47441,-0.461053,
0.302759,-0.165917,-0.224419,0.615592,-0.430006,-0.32634,
0.402762,-0.389989,-0.354056,0.404415,-0.181307,-0.0533271,
0.421349,-0.367143,-0.256969,0.142305,0.153862,0.231069,
0.401855,-0.0255468,0.0808597,-0.203537,0.358225,0.322064,
0.381221,0.464503,0.467671,-0.518514,0.178824,0.0713601,
0.479176,0.66558,0.595284,-0.654242,-0.182953,-0.259567,
0.665301,0.68156,0.592727,-0.653206,-0.371889,-0.412531,
0.941698,0.721466,0.626083,-0.512791,-0.428069,-0.455941,
1.3892,0.895868,0.785394,0.0997343,-0.372925,-0.421146,
0.527474,1.12803,0.98074,1.49221,-0.0806957,-0.247591,
-0.556352,0.870669,0.73178,1.23389,-0.00152297,-0.248997,
-0.389203,0.529547,0.360772,0.859797,-0.281128,-0.422201,
0.0915675,0.209569,0.0553734,0.753779,-0.470569,-0.467512,
0.384449,-0.0936186,-0.170497,0.571986,-0.461022,-0.359417,
0.48775,-0.317116,-0.299378,0.307514,-0.271544,-0.134845,
0.441519,-0.36692,-0.262258,-0.0244353,0.032306,0.135385,
0.21359,-0.167137,-0.0375396,-0.368877,0.297987,0.292462,
-0.0891032,0.182974,0.233663,-0.514088,0.319154,0.20755,
-0.246517,0.411973,0.351332,-0.458872,0.0568755,-0.0689097,
-0.353125,0.31673,0.196176,-0.310557,-0.266325,-0.315311,
-0.536674,-0.132393,-0.215619,-0.0154553,-0.374899,-0.309137,
-0.74559,-0.644317,-0.619329,0.317916,-0.0626613,0.0354559,
-1.05039,-0.859071,-0.784706,0.309011,0.193027,0.267418,
-1.4037,-1.11984,-1.01002,-0.704986,0.09803,0.220824,
-0.00423428,-1.14717,-1.05147,-1.52918,-0.405795,-0.027691,
0.573716,-0.785312,-0.711405,-1.06671,-0.317878,0.125346,
0.0677164,-0.643428,-0.455545,-0.835202,0.0666869,0.368784,
-0.512588,-0.561576,-0.345028,-0.632145,0.350642,0.483239,
-0.827637,-0.520979,-0.347769,-0.360274,0.484993,0.519378,
-0.972854,-0.537388,-0.405782,-0.210923,0.527224,0.529029,
-1.08141,-0.610266,-0.500388,-0.271583,0.523401,0.523285,
-1.1133,-0.741468,-0.633297,-0.739666,0.476256,0.492862,
-0.241229,-0.779177,-0.662309,-1.47807,0.402716,0.447896,
0.717426,-0.403954,-0.295978,-1.09163,0.476133,0.492031,
0.899999,0.269148,0.326235,-0.624477,0.449183,0.381734,
1.24025,0.819799,0.789322,-0.212957,0.0763619,-0.00771061,
0.994045,1.12062,1.04154,1.26878,0.061287,-0.0668441,
-0.375489,0.974295,0.887749,1.39226,0.220904,-0.037388,
-0.48409,0.67652,0.551957,0.929632,-0.0668903,-0.278073,
0.0854403,0.461186,0.298763,0.783332,-0.35945,-0.447748,
0.528214,0.28129,0.149574,0.561256,-0.506222,-0.488271,
0.725049,0.150383,0.070695,0.246669,-0.540198,-0.47054,
0.724988,0.0372143,0.00454723,-0.0861834,-0.51788,-0.431941,
0.529864,-0.114573,-0.106803,-0.401625,-0.443894,-0.358306,
0.0649987,-0.356944,-0.312233,-0.605595,-0.247958,-0.173798,
-0.580007,-0.601113,-0.531582,-0.464304,0.1111,0.161079,
-0.967588,-0.734924,-0.654504,-0.227874,0.336901,0.369559,
-1.20393,-0.901344,-0.801435,-0.518373,0.332663,0.382305,
-0.405775,-1.04787,-0.916736,-1.50064,0.137865,0.271356,
0.597145,-0.770191,-0.637509,-1.18783,0.163797,0.321825,
0.446281,-0.365316,-0.220696,-0.827393,0.401775,0.457848,
0.104791,0.0843947,0.178575,-0.760205,0.46022,0.395287,
-0.0117399,0.464455,0.457013,-0.704158,0.208343,0.0922085,
-0.0074456,0.555457,0.4755,-0.669406,-0.166201,-0.249105,
-0.0644849,0.378509,0.283652,-0.646214,-0.421009,-0.436396,
-0.314395,-0.0164869,-0.0803748,-0.552087,-0.492242,-0.438427,
-0.734296,-0.561177,-0.55283,-0.271032,-0.234438,-0.142083,
-1.08396,-0.871819,-0.809313,-0.14066,0.0895957,0.172137,
-1.17159,-1.11198,-1.01244,-1.02163,0.0355563,0.166581,
0.193294,-1.05462,-0.952938,-1.47566,-0.253138,0.0459932,
0.546416,-0.735927,-0.612888,-0.993858,-0.0323887,0.244096,
0.00785895,-0.524249,-0.343723,-0.810938,0.289673,0.43242,
-0.48454,-0.350292,-0.189292,-0.608827,0.478928,0.491724,
-0.728394,-0.225887,-0.118932,-0.304553,0.543059,0.487818,
-0.774831,-0.1312,-0.0735801,0.0105548,0.54591,0.467415,
-0.662697,-0.0173988,0.000851387,0.30699,0.513703,0.431241,
-0.353635,0.176555,0.160089,0.555088,0.416182,0.336913,
0.224071,0.470652,0.420666,0.611404,0.149236,0.0814709,
0.789589,0.687669,0.616369,0.348336,-0.203185,-0.249591,
1.09619,0.83079,0.743483,0.296426,-0.326878,-0.369756,
1.02562,1.03536,0.918008,1.13824,-0.211558,-0.306048,
-0.286226,0.954672,0.823368,1.43422,-0.0538864,-0.240052,
-0.590318,0.585282,0.442231,0.939523,-0.264177,-0.393,
-0.184265,0.190897,0.0531318,0.789578,-0.461303,-0.463287,
0.0912311,-0.21793,-0.277349,0.710131,-0.410435,-0.311872,
0.174943,-0.483405,-0.443459,0.609767,-0.10291,0.0163105,
0.224817,-0.443565,-0.344021,0.518666,0.250583,0.314508,
0.405335,-0.0949415,-0.00322981,0.365368,0.442496,0.415422,
0.720117,0.481937,0.493773,0.0381562,0.272691,0.180527,
1.02497,0.832664,0.77642,-0.127719,-0.0794789,-0.160695,
1.37918,1.08096,0.986663,0.592618,-0.0850541,-0.196041,
0.104655,1.15284,1.05319,1.53949,0.33261,0.0142181,
-0.581793,0.808736,0.726704,1.09997,0.269512,-0.120593,
-0.124378,0.632636,0.455547,0.844059,-0.101266,-0.364573,
0.457706,0.520836,0.320002,0.65661,-0.37523,-0.481361,
0.784259,0.454479,0.296132,0.373628,-0.504669,-0.516566,
0.919949,0.441574,0.325826,0.160296,-0.549236,-0.527889,
0.995314,0.470202,0.380292,0.071405,-0.559375,-0.531995,
1.07984,0.541642,0.461679,0.136025,-0.550919,-0.528608,
1.16333,0.668833,0.584311,0.498401,-0.515359,-0.507811,
0.625805,0.782428,0.681348,1.36708,-0.437995,-0.459719,
-0.560444,0.523267,0.421736,1.26219,-0.459393,-0.479212,
-0.908159,-0.101864,-0.171049,0.698364,-0.498365,-0.447937,
-1.19476,-0.742138,-0.725619,0.274386,-0.157683,-0.0736226,
-1.14174,-1.08051,-1.0109,-1.13354,-0.0349642,0.0742281,
0.290978,-0.992299,-0.904158,-1.43846,-0.177473,0.0455033,
0.537842,-0.681598,-0.563145,-0.953027,0.0839736,0.273166,
0.00210426,-0.433171,-0.281025,-0.796153,0.37013,0.444955,
-0.442629,-0.211734,-0.0915607,-0.605987,0.505591,0.475018,
-0.65068,-0.0352313,0.0274229,-0.301348,0.511258,0.425923,
-0.644069,0.117425,0.122787,0.0593872,0.43529,0.333184,
-0.3791,0.285803,0.238219,0.415314,0.26738,0.175321,
0.209469,0.4631,0.379896,0.549654,-0.0424803,-0.097651,
0.75147,0.56283,0.478779,0.285616,-0.34605,-0.362562,
0.999104,0.640346,0.558832,0.103929,-0.460352,-0.464386,
1.19777,0.782124,0.689043,0.350375,-0.442008,-0.459119,
0.711424,0.960104,0.838998,1.38032,-0.301525,-0.372426,
-0.521023,0.749089,0.62198,1.29379,-0.276171,-0.376526,
-0.656121,0.268482,0.14649,0.814896,-0.455324,-0.473194,
-0.491378,-0.320164,-0.372352,0.71759,-0.390851,-0.309594,
-0.619378,-0.707058,-0.667974,0.687053,-0.0116455,0.07702,
-0.988927,-0.855472,-0.777389,0.518093,0.211845,0.282374,
-1.47411,-1.11252,-1.00086,-0.560391,0.119282,0.237399,
-0.0872923,-1.17477,-1.08129,-1.54058,-0.438236,-0.0453263,
0.581579,-0.785659,-0.740074,-1.09542,-0.419947,0.0815958,
0.111513,-0.657791,-0.47921,-0.842781,-0.0194578,0.342955,
-0.492832,-0.60149,-0.370004,-0.647987,0.29498,0.47402,
-0.833701,-0.574579,-0.382609,-0.381357,0.452238,0.516735,
-0.998092,-0.605814,-0.457251,-0.267135,0.499379,0.524939,
-1.11356,-0.702175,-0.575176,-0.450751,0.483577,0.508805,
-0.843274,-0.829675,-0.702432,-1.20909,0.408261,0.458974,
0.364664,-0.669142,-0.544408,-1.37899,0.393395,0.452366,
0.815327,-0.136392,-0.0319664,-0.825269,0.503624,0.487933,
0.925018,0.546396,0.564072,-0.534772,0.294143,0.206944,
1.38648,0.939213,0.886572,0.034838,-0.0211299,-0.106125,
0.564694,1.16238,1.0704,1.48795,0.167548,-0.0190253,
-0.532185,0.895959,0.814197,1.2533,0.245869,-0.0609132,
-0.33014,0.644916,0.502004,0.880605,-0.0922787,-0.316931,
0.265736,0.476099,0.301234,0.73478,-0.374497,-0.463443,
0.659164,0.350801,0.211609,0.466444,-0.512264,-0.502611,
0.815817,0.276652,0.183703,0.170154,-0.556891,-0.505842,
0.830724,0.223212,0.165899,-0.0867569,-0.565064,-0.502183,
0.750781,0.153519,0.121954,-0.306787,-0.557073,-0.49176,
0.560318,0.0244634,0.0149939,-0.504233,-0.524205,-0.457425,
0.179962,-0.220132,-0.203712,-0.650501,-0.408838,-0.340777,
-0.430329,-0.553666,-0.506255,-0.571749,-0.0938151,-0.0322417,
-0.907852,-0.75872,-0.688405,-0.307688,0.223101,0.269989,
-1.18042,-0.929582,-0.83562,-0.508548,0.270168,0.330734,
-0.461716,-1.08608,-0.959424,-1.49063,0.0677009,0.22014,
0.566636,-0.825478,-0.697325,-1.21619,0.0680017,0.265426,
0.400054,-0.468461,-0.315555,-0.850934,0.335686,0.433734,
-0.0342511,-0.103624,0.0222895,-0.757222,0.480464,0.449252,
-0.272527,0.241278,0.281889,-0.617761,0.387155,0.274434,
-0.353383,0.435557,0.38092,-0.43573,0.089718,-0.0323237,
-0.402477,0.337288,0.222848,-0.213302,-0.244741,-0.299188,
-0.489773,-0.0934315,-0.179643,0.121135,-0.377628,-0.320008,
-0.605935,-0.596454,-0.576986,0.447945,-0.0919184,0.00665435,
-0.840888,-0.787476,-0.715146,0.51125,0.208635,0.278224,
-1.31124,-0.957002,-0.858372,0.113146,0.245523,0.322,
-0.776483,-1.23321,-1.10076,-1.4098,-0.11777,0.111058,
0.453263,-0.958574,-0.89395,-1.3304,-0.464775,0.0112837,
0.388192,-0.69965,-0.567084,-0.913061,-0.131943,0.263679,
-0.241181,-0.602981,-0.381069,-0.757494,0.220063,0.441971,
-0.698103,-0.536849,-0.334168,-0.493913,0.429901,0.506908,
-0.909061,-0.523641,-0.369939,-0.266342,0.512014,0.526262,
-1.02609,-0.566627,-0.446371,-0.208628,0.529379,0.528501,
-1.12687,-0.66902,-0.561285,-0.424552,0.506413,0.512737,
-0.861597,-0.799562,-0.685744,-1.18981,0.434566,0.466792,
0.349468,-0.64455,-0.529625,-1.38546,0.418323,0.460703,
0.843804,-0.10079,-0.00717063,-0.819689,0.511546,0.487022,
1.01307,0.589558,0.598784,-0.471763,0.272614,0.186602,
1.45387,0.98624,0.930406,0.390608,-0.00642835,-0.09497,
0.216498,1.11495,1.02534,1.5409,0.193775,-0.00860774,
-0.59552,0.8147,0.719345,1.13007,0.106731,-0.146188,
-0.215079,0.567836,0.416024,0.845401,-0.224081,-0.379362,
0.332617,0.368111,0.21444,0.693607,-0.44919,-0.479311,
0.652436,0.213369,0.106724,0.413169,-0.5325,-0.483525,
0.748158,0.0975319,0.0415073,0.0846885,-0.53498,-0.454599,
0.658808,-0.0261041,-0.0388187,-0.244294,-0.491495,-0.404468,
0.345409,-0.218442,-0.192612,-0.526606,-0.37334,-0.291788,
-0.252172,-0.488419,-0.429392,-0.589625,-0.084711,-0.0209725,
-0.802712,-0.671974,-0.597048,-0.319476,0.251024,0.289977,
-1.09309,-0.804161,-0.716439,-0.264005,0.359339,0.394518,
-1.07996,-1.00704,-0.89114,-1.0623,0.253895,0.334879,
0.229295,-0.955283,-0.822346,-1.45741,0.0919223,0.2605,
0.621857,-0.579277,-0.438784,-0.953352,0.28243,0.400057,
0.256255,-0.154262,-0.0232103,-0.7866,0.466203,0.460211,
0.0192431,0.290467,0.337307,-0.73267,0.375173,0.273711,
-0.0169094,0.547408,0.497928,-0.681942,0.0244179,-0.0838876,
-0.0236672,0.495616,0.401937,-0.657502,-0.307829,-0.359812,
-0.163316,0.213299,0.127749,-0.613218,-0.483199,-0.464137,
-0.521678,-0.290591,-0.32227,-0.428236,-0.412219,-0.331444,
-0.917362,-0.748249,-0.707762,-0.138131,-0.0382423,0.0496098,
-1.25343,-0.985248,-0.904971,-0.37105,0.117589,0.209046,
-0.481387,-1.16098,-1.05036,-1.5023,-0.139706,0.0752272,
0.545752,-0.884091,-0.786332,-1.22902,-0.196669,0.119999,
0.308152,-0.624965,-0.466462,-0.874339,0.13581,0.353448,
-0.267276,-0.435711,-0.255647,-0.729772,0.401343,0.474536,
-0.63777,-0.287326,-0.15161,-0.462253,0.521634,0.494354,
-0.775412,-0.184962,-0.102671,-0.147128,0.550324,0.481033,
-0.745729,-0.0906476,-0.0519381,0.157367,0.537724,0.457086,
-0.554031,0.05038,0.0535742,0.433883,0.485971,0.405264,
