10,50,1
-0.2407720325018943,-0.3001436825651934,-0.1784926368100101,-0.3997295187766943,-0.3952341443477435,-0.2396983291097191,-0.3403312492954923,-0.2629537387740933,-0.5267850077570446,-0.2001426379988184,-6.947474010892766,-9.866946267103975,37.1445505893095,10.70775810265993,-5.44497184503892,-0.9360828057356206,1.766437426254227,-15.25951707722204,-3.682689117260471,-12.36750137770617,5.578210826844222,16.38573463223763,0.1715900930834,6.12721307946312,9.707510597293167,2.790610060059719,-23.63680242040674,13.32836678555168,14.94867349959821,-17.84626742011047,-7.398982802327958,0.9859661198382681,-1.563158688957248,0.4333467086129869,2.715423182236686,14.86003041628491,1.305435613893849,-4.089858989393687,-6.682787891763477,2.948678190275349,7.701863412782525,6.937245658105434,-3.26095402936805,3.49022366370899,-10.2311451710846,25.77773635074345,12.67831939947489,7.163232841061646,-2.264476108866876,-6.726441484017608,1.969995636076205,-47.96428602571022,1.157297995423397,-1.806007296705636,8.692023735887592,-26.27727923601986,-0.853478834993762,1.65903628544772,-0.585539412393028,-3.382540214997538,0.3095137353516329,0.154202449906938,0.07835578773663121,0.2160395020487913,0.217096612187744,0.1242140154988575,0.1912527076855036,0.1397530481987686,0.313789323031072,0.08840104186219601,4.4680947127082,8.81991601067948,-25.14767428500835,-9.672031689651892,3.936444962968692,-1.841040184928162,-1.501188760324334,10.68054011251589,2.260208436929904,10.03754479682593,-3.15004790546028,-9.669948340171221,0.8621229831741653,-3.073287021621535,-4.358992903052007,-1.626961944528826,12.37957566612403,-8.030064960476434,-9.289705539651964,12.94284898765725,4.910845857697288,-0.6326599996722735,1.133701432681848,-0.1621479707287093,-1.279847525093033,-8.259500042633604,-0.3047242738680406,1.546271763932168,4.171513121306683,-1.329047546057546,-5.792931049000988,-4.664391525894765,1.00165229502308,-3.822909811219605,6.867559394547664,-17.58442065156835,-8.140423253763153,-3.547078532499179,0.8775932653994381,2.110556806528358,-0.5568246354049198,32.17240125475274,-1.277518080682437,0.603934757738307,-6.287299907829402,18.402104380756,0.7157837730580986,-1.823809295065888,0.2201433722480203,1.67380974756687,
-0.3180164843637643,-0.1982684077484484,-0.1998852560059543,-0.3996127334127119,-0.3964800713493252,-0.2860440258628746,-0.3584662415177825,-0.2467568090260481,-0.5347346936010333,-0.1710959205303534,-7.340750295498709,-11.32767185049951,37.96449863701037,12.93955525862637,-5.51205859484958,1.800131623317676,0.6149314069043754,-16.06369851078725,-3.120903922543652,-11.47202495971121,6.345757819440073,12.62237620525879,1.626312560141444,5.594683696346561,12.52067736417121,2.992103632421636,-26.48044941142677,10.08842071776383,13.95752048857046,-16.09078738642154,-6.575674280456485,0.03149666143733004,-3.130664052771039,0.8824211302687736,2.573215449381175,15.37496716439965,2.10328175340286,1.292182577888583,-7.669348619176382,1.929078068260564,7.088983531671981,8.478714616931876,-2.550529725998647,1.920023619526019,-10.15914436457887,29.27673462963552,11.88800406253697,9.600277450395273,-3.650314107890008,-7.700380735289322,2.470792537258527,-48.44941548173672,2.078854745673572,-0.9127662988797968,7.935568751528622,-30.38402216219234,-1.389715436589903,1.052645156506481,-0.5343573771290813,-4.46683766578291,0.1679633798136651,0.2796012099443358,0.09203673289486855,0.2153077841356208,0.2188703982619501,0.152536441303012,0.201919330248803,0.1308648240500136,0.3189289219838906,0.07035112904585589,4.651686387462491,9.589760807683071,-25.74878236371104,-10.75566915351797,4.01105914818503,-3.561993796403072,-0.7322838672046134,11.21415478724583,1.861727599757933,9.328289845030488,-3.754108274016752,-7.178016781927037,-0.175676146291869,-2.764890777297814,-6.029846010164193,-1.762853312038434,14.30122337307012,-5.629958010708586,-8.76463984513139,11.49884895907819,4.395483818694542,-0.1600257449897085,2.043223146466384,-0.4580932380555468,-1.179501709517336,-8.624413961267162,-0.8319767154248063,-2.098427592995919,4.766521857957553,-0.6371017830507764,-5.296802362670086,-5.729074767529863,0.5486952888708346,-2.486246850560711,6.778453181202099,-19.77217970937606,-7.649285506840266,-5.163992724767245,1.825430920550194,2.770419012054247,-1.070536255810501,32.19232782527843,-1.725092794982699,-0.0369276542198628,-5.66185254595902,21.4331916662953,1.039260379645773,-1.315191508169253,0.1843254706522532,2.285437089871787,
-0.3165809233167192,-0.2871057563611395,-0.07791119970544298,-0.4014614942389933,-0.3867323379515095,-0.2795965120755122,-0.3650292747523092,-0.2482325479053403,-0.5404553234797292,-0.176514921796123,-8.730754319783111,-9.457157832192575,37.29607824631652,13.36723780217517,-5.655500489059731,3.514220214583448,1.606091857481991,-15.28842904398113,-3.065516603285733,-14.88007764211434,6.537748922849467,17.72729052698412,0.4421301731969184,5.577848746294576,12.57264758939152,2.52088916655689,-27.32790224429398,11.46164363305717,15.4505469410637,-17.16581627784118,-8.662782789674811,-0.715203038087702,-3.478900473672763,1.451103603872111,2.842462633675702,16.45992135043113,1.727812650924258,-3.110714796609478,-7.716486389445202,2.482937102506582,8.585375008240742,6.574697892211158,-3.425917123756649,1.812380266928039,-11.22955867793956,34.14377191122069,15.11916113416209,9.326982599647442,-2.038320989120945,-8.279966240045765,0.747217534155834,-54.9161556378237,2.274114615062012,-0.4813169313738683,9.031552053524141,-29.60840856011452,-0.8963546224144161,0.1410129039928841,-0.5697860054989757,-4.033595135524037,0.1674532831176763,0.1460405205276241,0.2039867878733562,0.2169679554495314,0.2107275473493084,0.1500466964084063,0.2066430379988605,0.1299600118959584,0.3234922786666046,0.0748118374086407,5.461434190965979,8.24648017500261,-24.81788621220911,-10.96836958545762,3.998457758637406,-3.950806529478746,-1.25901813066048,10.53334124198301,1.811490544841301,10.97831625352238,-3.802577957610986,-10.24504336647338,0.6080351887704689,-2.820740919711695,-6.012384664173053,-1.48815487596373,14.38609300224961,-6.714206015342245,-9.439916305137812,12.16631253630646,5.595891680614476,0.3930157100781734,2.147797054914601,-0.7651972270340401,-1.346810907173716,-9.208798427746299,-0.5991637982312191,0.8880375568132347,4.6517251385692,-1.093554420779774,-6.116853038558324,-4.323249410512479,0.7069846927354125,-2.467513080464921,7.2338476504376,-22.12473667632766,-9.097965163274855,-4.667636150764875,0.7559206927256555,3.085366690296284,0.06421323296033175,35.51639001719703,-1.875866355356796,-0.1437712796318753,-6.225882094619211,20.09195833026693,0.7141011070430789,-0.7648548154678876,0.2099079693166795,2.061915531594676,
-0.3408146135099189,-0.2879612863066065,-0.1853130227234676,-0.2920780274248132,-0.3973339715246008,-0.2526668850428362,-0.3445130080338792,-0.2610459740220709,-0.5467774113020589,-0.1892531294427483,-8.402534984607641,-7.791661184455649,36.32597059498967,13.48286714831086,-6.560411962293189,-0.4751748732948099,1.620707442719432,-16.82286571523483,-3.475084693987697,-13.68418578322515,7.787619440334712,16.44710431516595,0.693800392206138,8.200914775793729,10.25411340169607,3.024805018164521,-27.35776991723029,13.06448495286008,16.88521939064044,-17.39612613623052,-9.260866333221037,1.69956158215763,-1.530732543695219,0.4346794401620392,2.998410961131144,16.90848425715893,1.610854784664472,-6.041973354415549,-6.085386169710656,2.832466277457218,8.214687948191507,6.755924685972712,-3.662082574705644,2.097129909129723,-11.89714012909444,30.14588867417906,15.35477947525714,7.549111993855648,-1.576859423883924,-8.423226889997643,3.201625044998036,-54.00433628215456,3.225899444661028,-1.286833544776251,7.664678810931757,-29.41149490109097,-0.8476071576018794,2.646034207640638,-0.5022590666454333,-4.558522911450309,0.1817955215075144,0.1462373675682595,0.08278441851227533,0.3383381624093385,0.217871768499818,0.1324683199403286,0.1934809965998324,0.1398509214200116,0.3263165979525848,0.0822190213771859,5.374928017410151,7.215989126674671,-24.66064409836807,-11.53524068692443,4.683139787957841,-2.109355168041125,-1.357012020955323,11.74544526124473,2.118011255730034,10.9875488888845,-4.715225640440325,-9.666882578046611,0.458008311793672,-4.457791440574662,-4.293133031745084,-1.796340309082074,14.87391564010096,-7.70653290341255,-10.77564507012797,12.43779784041347,6.18117381173257,-1.306773111513613,1.151606992251118,-0.1403453958317883,-1.472650517168655,-9.78208606660858,-0.5158632842219885,2.403640559856796,3.647280309562615,-1.145677060657125,-5.980350166796648,-4.46898811686709,1.064920921738664,-2.829161471949972,7.970662994567583,-20.42119693870425,-9.739514109516779,-3.785452273845715,0.5031353804755789,2.999779711875526,-1.618638090677162,36.2558606101496,-2.45026864313276,0.2800670938656099,-5.530184726764596,21.14478761224975,0.7001404710282709,-2.451912615630949,0.1647958307499189,2.308141451300743,
-0.3313062093880234,-0.2817132273984291,-0.1697602300102245,-0.3982207426864485,-0.2852567012234743,-0.2657451852430847,-0.3630084450249128,-0.2529983189505493,-0.5493790224624569,-0.1860165577630884,-5.442301759037956,-7.645426864990428,34.35955425620259,10.67202195449652,-5.573491056389307,3.816636677527249,0.9666383101536082,-14.64878135400826,-3.194296094192509,-12.81190468027865,5.30498316497924,19.26416551837631,0.2192043853682016,6.484525850742355,11.00646110044885,3.037263971551774,-28.28022172494986,12.66704614185012,15.92169807398985,-17.04843907888257,-7.979436857508715,0.3502643679414354,-3.498496223752247,0.749797226005849,3.136801913588945,15.73902894779102,1.721077961914972,-6.152719795516528,-8.332045124529012,4.140725333863995,6.302201700558769,6.583759504002147,-6.324022557216332,-0.1192921546878454,-10.77085700595213,28.84243269908988,15.63489912351623,9.28153921976879,-1.913484990289418,-6.749385459654365,0.7036376657797336,-48.56465716650914,3.519418436621354,-1.715899873300613,8.278096310895238,-25.67307829719873,-0.929469768429432,-0.4922549099815415,-0.533998409236027,-4.242380024036637,0.1760693471634066,0.143062094915991,0.07264016866201392,0.214328922084645,0.336050375488564,0.1415138937830453,0.204953314940946,0.1332601637531921,0.3284231907478603,0.08122432338620872,3.552134358912145,7.120119292598653,-23.33916799610293,-9.470070298100033,4.133857697091384,-4.662518270734755,-0.9601640431578901,10.32565285867749,1.876798302606779,9.919468264014874,-3.205048524294924,-11.28397720771443,0.7100550759091847,-3.376617604237274,-5.067446845206991,-1.818726818143575,15.2883055993572,-7.248915885304511,-9.816303469078228,12.10697123154126,5.488615245477233,-0.367728824129996,2.213703741502078,-0.3432219140246033,-1.546577707230886,-8.997397108145051,-0.6007132688718018,2.483278902247384,5.126487654164633,-2.042943371980487,-4.730387995284278,-4.476138219494613,2.253964147406641,-1.050654282167158,7.092515513146029,-19.60860491512604,-9.598162276297401,-4.756969638897005,0.7669056870943485,2.159641170278484,0.06890574684523011,32.24384641470496,-2.605065098283459,0.5216399948415837,-5.7929344685304,18.43658658718921,0.7264686989989867,-0.260656941380902,0.182242644504877,2.190040214683781,
-0.3118249152741899,-0.3036446800009407,-0.2006510635860427,-0.3896459883575411,-0.4081643461103458,-0.1766875011983575,-0.3549398817844926,-0.2600913717288299,-0.5301489350794294,-0.1713466827426707,-6.852898881583614,-8.37792890938041,34.70026647810085,9.868726031153265,-5.214188546172468,0.1473851234981465,1.261046661248725,-13.48181904015069,-3.26305547645205,-10.25722054133042,6.486946781464273,19.12036958552419,-0.04699641938218685,5.637340888770135,12.79956756614737,2.894011157872221,-23.8628402409969,11.08515118247653,14.03473897436969,-15.84888073272496,-7.243050737242772,-1.136045182569731,-1.663753544683195,1.074737277042295,2.637924737693863,13.62745720876361,1.726236598196159,-4.738847437233942,-8.025167536293152,4.254829199643199,7.714405187495012,4.571454767419932,-2.572149805151468,0.1633053131373473,-9.832442189651745,27.20202349622101,12.15705043745044,7.621019247608269,-1.176806070715795,-7.551045348727846,-0.4564778387171085,-46.32116449498007,2.187436755577401,-1.296258985721338,7.583276456067562,-25.32408288524882,-0.9390329947204226,-0.1579403516603923,-0.5523141426498928,-4.30160520624358,0.1641416285811237,0.1565273491292103,0.09360178003191802,0.2096532605404013,0.2259325171008713,0.2732011892888746,0.1984839908147127,0.1404093052272828,0.314980469090565,0.07050821717947532,4.448579252785419,7.722088624107756,-23.54512962212774,-9.11110493283295,3.823497507834095,-2.624224321718958,-1.182855406593668,9.582093274292953,1.951789643805614,8.44782257090071,-3.943953521777622,-11.02603883853287,0.9176285597552878,-2.772631829237723,-6.076324718945877,-1.709132781756314,12.66477309462559,-6.240094093845583,-8.632237541089797,11.22985416507974,4.981691369017103,0.5749101933431163,1.256559534443643,-0.5446388006349852,-1.260615006990866,-7.696538599042017,-0.5759981494532837,1.401903863044251,4.91513936357191,-2.054093402691781,-5.728979530626297,-3.262002794751789,0.2030311714299089,-1.331076424786588,6.48598645084967,-18.55307018908212,-7.543781604308207,-3.813864895581811,0.2972428738322321,2.569184644426436,0.7902018411540525,31.04812033572141,-1.82971632736233,0.2742629068198351,-5.373450774013715,18.30925086390311,0.7568998187964896,-0.6413161546981455,0.1977972696945909,2.187228492703859,
-0.3227308228507944,-0.2857582868171205,-0.1874075169666496,-0.3957960087886442,-0.4089061292273266,-0.2562462333516097,-0.2489509603450062,-0.2767447634430139,-0.5374698620932676,-0.1722389839277836,-8.348362515500083,-7.072205459875499,37.45524834076458,13.94209748963244,-6.148694893750182,7.058101082430375,2.243160409079353,-15.89198032186582,-2.672916438666948,-17.83611635344163,6.152765140460773,20.54472264590476,0.9371639140910304,6.356080808375167,10.01182406988366,2.759899924584698,-26.59723182894883,13.04286384621679,16.41630350691548,-18.17723544016059,-9.4632701698487,0.8336422666552874,-2.83541457557649,1.033555585906983,2.802354309949606,14.96884474112419,1.600727538002829,-3.298231352279586,-9.180003164598265,1.265145091257347,4.895431923223567,8.006603533773625,-4.603716554885675,2.733996236310655,-12.26726554727648,36.87077260836428,17.36010062876326,7.745334693021905,-3.115158831041993,-6.657382115690956,1.329591724240756,-58.7245313453387,3.089029572427073,-1.369836363669957,10.21476811847467,-31.2528980630054,-0.9877293002221642,-0.5307907498409347,-0.5358829004906841,-4.040675090922847,0.1702458771757584,0.1456259948620255,0.0861517569661138,0.2127399116610356,0.2251646780635764,0.1342833543476663,0.3231088260887341,0.1496681016359475,0.31984609091164,0.0713196728952876,5.281217498617361,7.050627845979295,-25.42948395599518,-11.62904197683307,4.421747516420893,-6.596735425856905,-1.668343934194367,11.1258741010503,1.542844947360076,12.89800510333249,-3.760652121677615,-11.74500649753229,0.1900692929336446,-3.407132004751826,-4.44155179603195,-1.610837285516274,14.5613868247083,-7.374788457392654,-10.18121843755281,12.87188621382683,6.158582799848664,-0.6578819856186595,1.931257928284748,-0.570948493511515,-1.357119896093536,-8.668010567321081,-0.4933001268388127,0.256216035400623,5.607766238829603,-0.2117503906566411,-3.913916019125998,-5.368616647839581,1.630563045701531,-3.025938212392879,8.224537960594637,-24.11110917742214,-10.73473926703048,-3.981957652707172,1.529155513546691,2.015085910050211,-0.446470250590787,38.39161917443807,-2.349443102434361,0.3032315199329022,-7.032023045431082,22.23749741149658,0.7807071877652776,-0.5269435881062322,0.1878991095919944,2.061733968705631,
-0.3228264523205168,-0.2892218756884137,-0.1763808809487195,-0.3960403247396153,-0.3875660053445544,-0.2642639426286589,-0.3613023844396458,-0.1467632535427019,-0.5562857564511439,-0.1771252771276496,-7.823998651240727,-11.63018781131478,41.76215926439939,15.28678550877624,-5.761595469770589,4.840933882542058,2.28793753878154,-16.90576227819738,-3.321020591190791,-15.68037925497831,7.388038126554481,17.4380608767201,0.4554750858409392,6.639293321694702,9.377425082913639,2.600414163556452,-26.76077873658556,11.59012133285974,16.56356406430004,-17.35304254721502,-7.878640393946798,1.557530519259535,-2.196493587231267,0.731596410207885,2.847768717709685,14.67405355322773,1.234588232136809,1.432510463021739,-8.100189298340819,1.16092774561347,7.325937629991204,7.475570379584973,-4.613204699653172,3.153225356910598,-12.52601961124464,32.30660921164886,15.1292901924765,7.494666712670492,-2.535606637186473,-4.286956676921292,1.478311428561251,-56.60407934642871,2.261921751250755,-1.147905691531018,8.854240921289085,-35.3280802490284,-0.7057383640309652,1.225743734078244,-0.5741157014236661,-4.784506473429623,0.1704093481206384,0.1470886392514044,0.07602968973833263,0.2141851421133733,0.2108940628883793,0.1404833617832067,0.2045326964186183,0.2564158872982262,0.3328148711837104,0.07532631137743555,4.942670134243119,9.509001382587931,-27.72311558168447,-12.218825828638,4.131627769175604,-5.346926295451302,-1.787400366099392,11.62505990363499,1.93090086960187,11.46185581188364,-4.531237877832982,-9.942609534517736,0.4809649566353624,-3.461614636632316,-3.983969099874619,-1.532920684742607,14.41719623944344,-6.494298545910428,-10.13865869353276,12.03053345144178,5.270737020990129,-1.1514268136925,1.516177224813402,-0.322753566534598,-1.377336418925404,-8.28741894312795,-0.2655630476557747,-2.392397692786626,4.960031824352643,-0.1398257404372481,-5.284139654182206,-5.051151339136587,1.602928679770745,-2.995505833660165,8.158812810937304,-21.31469170141508,-9.338826914878778,-3.702877073971969,1.221425419777324,0.6006880987351249,-0.508741263914775,37.01932421565184,-1.852388344578967,0.2569587276407881,-6.093171089373448,24.35094525811864,0.5843632448470454,-1.504977940445782,0.2137299402182958,2.427078040468341,
-0.3149978047469001,-0.2821446570737649,-0.2006031866905985,-0.3860027868052814,-0.4041634034887431,-0.2608163242544799,-0.3511114121069975,-0.2723572253971506,-0.444925949265726,-0.1733765727188211,-8.195590650559735,-13.04656435715202,43.38788991291717,15.41327308796531,-6.448200346152647,4.530217326981243,1.98968426448925,-18.2999080441291,-3.196038478504591,-15.07716945846908,6.970984355389522,18.90995945215302,-0.3678258906116835,5.850489213849328,12.0792867456001,3.156010146236788,-26.6799903390093,13.1672735569077,16.24623700449815,-19.81016725319203,-9.36501090408224,0.01141250643201155,-3.035080831689931,0.674148205436892,2.807103152251447,15.6989449599069,1.477959363451335,-3.822798148177315,-9.034678046896373,3.292836898209128,9.183437863872404,8.736748363604642,-2.478638752063217,0.7734814700045319,-11.51962760796428,35.44363990580744,15.18703536063795,7.896092456578916,-1.831322910980982,-6.461369196682044,-0.3645552458265241,-58.59526589556636,3.724909247872001,-1.432623727418463,9.793716023094374,-31.55423118606034,-0.7993695521855792,-0.01944086458056698,-0.4858553259720143,-4.419017099863906,0.1658987632268366,0.1435572161303532,0.09344572718955434,0.2072526136971719,0.2220949665010422,0.1365647654023818,0.197526814415861,0.1462679983622628,0.4513066299241251,0.07310737269044801,5.216565694726283,10.47420192896983,-28.68665650173009,-12.37101078377488,4.495230493193505,-5.387263373372946,-1.653658130700208,12.46576539781655,1.904521797731063,11.68312551586397,-4.073213106500545,-11.21986948929323,1.116634004495811,-2.90468205615056,-5.555303133501483,-1.846153371681204,14.33716662288453,-7.779843416458358,-10.11578903509976,13.79142075141832,6.167611661089366,-0.08118152362291863,2.042140502700581,-0.3172460788345731,-1.374921505981561,-8.74231958845362,-0.3943172180622152,1.38315094614943,5.52333269483018,-1.504903970230509,-6.517109612249294,-5.743107098859326,0.6182523419437077,-1.837568130418816,7.546000672165961,-23.67221097268757,-9.7127548223489,-3.965304460690402,0.6872885476284228,1.784370279130127,0.6861314352366297,38.68202882301888,-2.787692434248918,0.3671003559915247,-6.86398047429787,21.66514504038614,0.6671712887996161,-0.6565889736680779,0.1620751979224865,2.263180394063237,
-0.3370305659076004,-0.2934207502939936,-0.1811131429365376,-0.4057043216638086,-0.4096879274950026,-0.2528080372699728,-0.3558299686788712,-0.2582785586580056,-0.531828629255781,-0.0740780733280989,-6.328997766437879,-7.265270678974378,34.73861653761331,9.04945864031307,-5.599764141869844,3.459142128244934,1.405106769270124,-13.89752743056879,-2.219276892723827,-10.65883516474626,7.116491662043007,14.59540844025492,1.673434768429782,6.51905334217751,10.85784401551998,2.24552924244007,-27.79439496977997,7.799586461982321,14.56418792674714,-12.64765994292078,-8.183983214228238,1.994921792231337,-2.242803820914044,0.7989525807263823,2.76121031829625,15.86009298251838,1.921264953242323,1.718379861292171,-7.353328298831777,1.782566688059865,5.722704154295224,7.781242741880655,-3.461980158584492,-1.636024733172029,-10.76083466938033,28.15018076722718,13.78151598067449,8.872949200728002,-3.35075172415882,-7.249170172346326,1.378878135633523,-45.64421072976333,1.492935968978587,-1.030454634219076,6.243397117060875,-30.8936608703363,0.1336923516082746,-1.191878632639715,-0.5734780062238255,-4.37029569778556,0.1793969653362071,0.1497264477957821,0.08165723269399755,0.2194561439609247,0.2267996108255093,0.1315490985396373,0.2004640786925283,0.1384252585748831,0.3175756717375589,0.1990842288789581,4.105363186953895,6.867572933586059,-23.59736397325582,-8.610437267693001,4.125819051117505,-4.537758594408899,-1.252623090235561,9.955605087478539,1.300860623250771,8.808472980478403,-4.282228887999136,-8.448456778386548,-0.1705342758972556,-3.452835176126378,-4.575589276171483,-1.304388687929865,15.1101340774218,-4.392377120871097,-9.118258794182916,9.457563811408548,5.65869795718572,-1.46010628634663,1.548886387082567,-0.3687938120750028,-1.372000200736355,-9.196168650824736,-0.6473127080276058,-2.307550593145996,4.427474280708908,-0.4946293162765295,-4.364553648342501,-5.157447300225331,0.6979577752645644,-0.2642597343999181,7.104835553080202,-19.19651305683035,-8.568350344571613,-4.470647546851227,1.625805873334148,2.209277880105816,-0.5450824661062853,30.73886951174977,-1.377305733136552,0.09463624415823808,-4.605448757622227,21.73680609173696,0.07555817043995031,0.0676392546560359,0.2086753407637756,2.175923951978789,
-1.421373899343015,-1.847267526524337,-2.045742226605083,-2.061975496827819,2.397579492638418,0.6788437218017118,-0.949537054400468,2.430352321200882,-0.3435460141082092,-0.08641713954363484,
-1.199621302303169,-1.011713542234375,-2.169176337920658,0.6119197681475366,-0.7492246256154613,0.2823537538164183,0.3319724288362336,1.255431102822405,1.391423026950841,1.49357011410769,
-0.4342072967747499,-2.06029091218184,-0.8602540681759721,1.49525469875337,-0.6724994522046577,0.6195769710831685,1.484994046820115,-0.2248593686122078,-0.4323695681566022,1.653605655453588,
2.029114887884037,0.6218741319630254,-0.4824476753527427,-0.3251687270634713,-1.67191757930826,-1.615560565705307,2.391606874348948,-1.344036149622363,0.3425393688862779,0.4172736695345085,
2.379967926432578,-0.1129110616995908,-0.06911186091014221,1.303212049138301,2.3859405441769,2.080111858945566,1.274420966101848,0.09582429031434714,-1.941451122627066,2.225905002831218,
-1.142498568397186,-0.7401891261518787,1.666469756384409,2.382877663002921,-2.123386264368238,1.781480944472286,1.21500107132462,-0.03051955811660223,-1.173586812284575,0.3287564036034758,
-1.389213647009888,1.86356615993645,0.9911044574989436,0.01986483719709442,2.200176800968706,-0.2613076545836566,1.792201028580729,-1.570076780269734,2.069698062951418,2.138766033428522,
1.553908873647406,-0.4812225228831242,-0.8573443310605926,0.5028811983501456,0.6739431119226595,0.1644328286141485,1.042101429047584,-0.2296068344320377,-1.235916444177155,0.8967677173373874,
0.5557158988506403,0.8126916291084232,-2.200264581837608,-0.4146048573467254,0.2146640798687671,0.08586992649886982,-1.229331249653032,-0.3945429856564409,-1.536844519530764,-0.8660735424067634,
-1.109725739829143,1.271204940868714,0.927243385019298,-0.993183111131198,-1.068836276131124,-1.975755391777695,2.369400985836839,2.334790428569473,-2.369641910763804,1.368910850322464,
-2.178977557876245,-1.877590050147763,-2.210065801594676,0.6181986745544088,-1.414482416626502,2.183330954512229,1.015913795009167,1.885006328155294,1.205659283742735,-2.19000392990465,
0.6647544686658136,2.196348199500616,0.5080880963459387,0.1434520925713847,0.1258405258203315,-1.997501848113698,-0.1668177703633287,-1.491360734095785,0.7690455723772707,-0.6208899044213245,
-0.8362104509388353,0.182044395364644,1.741663489208165,-1.355828242142747,-0.4260906617496016,0.1117512724198879,1.108719094583909,0.183882124069251,-0.3118451939564548,-0.3080165924886256,
0.3740870451978386,-0.01137655077872468,2.501411164439635,-0.5228777068505957,1.876889693044142,1.619454530363193,-1.784784750573146,-1.391970239996771,1.100296171354297,2.271235644207664,
1.657434257348329,1.110709967346742,-1.485847547982576,0.5263122393318884,-0.4608543630754545,1.621292259067645,-2.136250365299273,-0.3910206723062442,1.537369314895874,0.8770121337645445,
0.4673517769639064,-2.483734234498875,0.2750028389981658,-1.559969272395447,-2.434115559479058,-1.944973435978141,-0.9440238682871172,-2.063353793355901,0.3946083488456811,-0.9686800617385831,
-2.259990764943979,2.38701255258731,-0.3795348679035291,1.661109714330021,0.2681113563565325,-0.2158238691484953,-0.8025187580444411,2.464809734409323,-0.5406424176604199,1.804146265159826,
1.227099452319346,1.677342984552177,-2.428449229306847,0.3135951417917524,1.570907863753153,-0.5250217236723689,-1.82582735830587,-0.09453377465495017,-1.747264456190234,-1.004515771475368,
-2.281890365342251,1.164463531951906,2.145044939834992,2.506005486201099,-2.342841700491356,-2.454483719287169,1.796029630048334,-0.3773908510815724,0.2713273815888595,1.078396570960579,
2.362203215619994,-0.8256435109088065,-0.9892013656048975,-0.8012936055748337,0.1783689379558719,-1.767020039763807,1.781480944471436,-1.572373941150297,-2.126908577717764,0.1172644585329632,
-2.370867063463902,2.001395812770205,1.85345865206222,-0.01321427948301368,0.5881824390483081,1.89848300532233,1.686378484016132,-0.3487529121038904,0.8595537110714098,-2.032878125674132,
-1.347405318976823,0.319261471963582,2.250101764106065,-0.8533625855342619,-2.307312278871982,-0.21490500479627,1.127096381628412,-0.5893422283281586,-0.08718285983750107,-2.022923761858358,
0.5111509777604506,-1.15505638118148,0.1959805047068053,2.24137255276024,-0.1296037640982721,2.271848220443283,1.994963762305084,1.152977727549308,-0.9601039944510228,0.5932361929856449,
-1.345261302154614,-1.403609188458351,1.992819745483031,-2.259684476614943,-1.425202500735795,1.630940334766012,-1.332244057102251,-1.925524140522138,-1.603615329125763,-1.315398210644913,
0.9068752255166399,2.070463783245786,1.598320650261045,2.248570323519337,0.3100728284414833,0.4018061196057303,1.7399789045626,1.919770029481143,-0.6683645626196615,-0.7953209872854186,
-2.373011080286111,2.332952699864737,-1.521989545836764,1.401683678885103,-0.2173553097357783,1.862494151526832,0.609163175090826,1.953614866454767,0.1563161935020605,1.327102522296215,
0.5079349525271377,2.21487863060382,-0.05869806491825758,-1.057656759845667,0.6482149100603545,0.8917139634006146,2.198339072264254,0.534275730384417,1.254971670645465,1.908131081019983,
-1.079250072142036,1.261097432994238,0.5670485589470506,1.699855161182184,-0.2548756041183071,-2.037319303376802,-1.440516906606116,1.255737390939814,1.473048810240141,-1.576049398559476,
-0.1077041635641476,0.4085444581881141,0.8053407142907654,1.36110050332849,-0.6959304931863999,-0.37539997831832,-0.3613107249176562,-1.274661891029369,0.419723974473158,1.920688893833729,
-0.05854492071208206,-0.7731150987732756,1.006878295545475,0.01036990555743333,-2.220785885704109,-0.7842946150586578,0.6678173495745323,1.527721239198439,-1.403149756282061,0.1874044374194908,
-0.8669924067433994,2.158368472941981,-1.909597158417061,-0.949077622224388,0.9926358980860979,-0.3302224810005674,0.9595567814060235,0.2439145950812898,0.05248452170066242,-1.181703447396138,
1.798326791379171,0.9232616394928357,-0.7035876961215888,-0.2406332066587527,0.4177331017105348,-1.68309709559388,-0.5035815554538532,0.2289064773282803,0.9462332482979452,0.5740931856476186,
2.415191059940289,-0.8934863289147543,1.768310555422692,-0.1280723235111645,1.787453562760891,1.518073163500982,0.9171358771449616,-0.4841322599983866,-2.009600228750403,-1.967179324490026,
-1.109113163594226,-1.408050366160772,-0.4489091264965257,-1.594886117780005,-1.57926542379222,0.8177453830464638,2.23907539187957,2.087309629703516,-1.789379072333869,1.330777979705116,
-0.7816911660312487,1.019895540535168,0.2524906623686505,-2.009447084692278,-2.047733099368364,2.306152489593035,-2.37347051223207,1.003049694077915,1.991747737071018,0.6773122812142551,
-2.48281537039493,2.136775160664693,-1.425355644794422,-1.24403307928868,1.193254614988598,-2.225380207465617,0.4939988429452713,0.005775583796288508,0.6970678647863311,1.980568220787074,
2.51151867288094,2.120541890442051,-0.696543069421196,-1.702393246990354,1.133375288035257,1.048533479513763,0.07453726615448231,2.308909082648467,-1.754615371008032,-1.719698525624024,
-0.3214932695500763,-1.990150933295329,1.934012426940623,1.520217180322155,2.055608809551943,0.3103791165592953,0.1881701577129942,1.336291165818213,-1.23055640212251,1.697711144360401,
1.10182761227888,-0.7835288947651591,0.883903616406013,0.1802066666603928,-0.1481341952014801,-0.6294659717086646,-1.052449861849687,2.031718336393899,1.199992953570683,-0.4383421864459072,
1.16308523577055,0.750055709098417,-2.061975496827727,-1.311722753235937,1.232306349958169,1.383153247782541,-1.102681113104663,1.200452385747604,0.8624634481867881,1.31056296395616,
1.925895792300573,0.9425577908895613,-1.354143657496975,1.65161478269036,0.4333537956983631,-0.2182741740877634,0.03946727671122163,0.533203721973488,-0.8015998936922517,-1.551393205108099,
0.3047127865935218,2.244741722051134,-2.432430974833155,-0.1041818503533092,0.1534064563870876,-1.471911438640724,1.048839767630569,-2.273008009721925,0.9378103250692185,1.196623784280229,
-0.6458523859384699,0.04007985294587657,-1.010947821940892,2.039222395270693,2.006143278590487,1.018210955890322,1.214082206972395,-0.5789284323362745,-0.6922550357775055,0.7926297574185246,
1.261403721474681,-2.352489776189399,0.006081871913613313,0.9699705773979592,-1.411725823569826,-1.934865928103661,-1.602083888539041,1.068595351203304,-0.2620733748776138,-1.634090996808371,
2.134171712172252,-1.464866811940019,-1.152759220300969,-1.000840314066408,-1.439904330371399,-2.488175412202103,2.153467863063925,-1.975295959600997,0.8874259297555605,-1.08644784288212,
-1.827511943092788,-1.592895245016707,1.852539787709995,2.079346138651194,-1.467163972820746,-0.9524467915159203,1.245629883065459,0.5940019132790475,0.9601693576400208,-1.432247127436224,
0.2048628603020992,-2.476689607798483,-0.6046566341986841,-1.798414571797889,-1.81342268955094,-2.430286958011898,-1.879580922911043,-2.319870091685404,0.9206581904943563,1.393107611597729,
-0.6853635530905973,0.5730211772363947,-0.005710220606609084,-0.2554881803530598,1.205046707508822,-2.117873078255236,-2.393379239863616,-2.318032362980954,1.323427064886209,1.552683720767515,
2.010584456777807,1.274574110160206,1.890060082092521,1.348389546456041,1.948407968459003,2.083634172295764,1.799858231515939,2.067554046130677,1.160788074542427,2.229274172122711,
2.339078462751889,-0.5094010296846916,0.8402575596753201,-0.08932687665900119,1.072730240788394,1.856521533237368,1.070279935849156,-1.739300965137854,1.031228200878736,0.4195708304150716,
