0.02299828320645771,0.02170526747355996,
0.02335323228043722,-0.02573720350030005,
0.02295678639033046,0.02166959647134862,
0.02304573432062168,-0.02525383361428009,
0.02290938388309367,0.02162742670262357,
0.02267133669905481,-0.02467316027069226,
0.02285816642582956,0.02158064716573814,
0.02224936869560774,-0.02402401428070626,
0.02280539431806737,0.02153153818446887,
0.02180404030183935,-0.02334170389945048,
0.02275335945193265,0.02148261699215378,
0.02136236581966579,-0.022665160229291,
0.02270425475885563,0.02143644867056445,
0.02095167802667188,-0.02203357552916567,
0.02266006339397598,0.02139544243021752,
0.02059702855644748,-0.02148292411030718,
0.02262247499015087,0.02136165734165147,
0.02031880085783359,-0.02104278788732797,
0.02259283083371294,0.02133664222178908,
0.0201308489399421,-0.0207338849808809,
0.02257209538812384,0.02132133076909744,
0.02003941452540767,-0.02056661742866707,
0.02256084914047577,0.02131600540068646,
0.02004297149369607,-0.02054081978689571,
0.02255929737537489,0.0213203327498651,
0.02013301268499804,-0.02064672109533489,
0.02256729056048393,0.02133346241172236,
0.02029565096990982,-0.02086695389031647,
0.02258435355094915,0.02135417058786668,
0.02051377887271973,-0.02117928586510057,
0.02260972187412439,0.02138102382952539,
0.02076944303429093,-0.02155964138812317,
0.02264238349738692,0.02141253637356323,
0.02104605925830898,-0.02198494289197697,
0.02268112385978055,0.02144729778864597,
0.02133012809505445,-0.02243534497285719,
0.02272457115527989,0.02148405490926279,
0.0216122045580443,-0.02289555047811645,
0.02277123859998185,0.02152174166172789,
0.02188701149112968,-0.02335506702479306,
0.02281956117846734,0.02155946037142232,
0.02215273884008313,-0.02380745302435847,
0.02286792618496251,0.02159642660650867,
0.0224097121960281,-0.02424877918191689,
0.02291469933047311,0.02163189517606265,
0.02265871798304386,-0.02467566270613088,
0.02295825054559728,0.02166508687175262,
0.02289932210734735,-0.02508329490179496,
0.0229969850686759,0.02169513396168231,
0.02312850748944298,-0.02546386992957114,
0.0230293853414891,0.02172105796996625,
0.02333988910475041,-0.02580573941537922,
0.02305406736730317,0.02174178697133016,
0.02352365814324826,-0.02609348272655962,
0.02306985169899781,0.02175621271367334,
0.02366728069839131,-0.02630892224909367,
0.02307584475541724,0.02176328146869863,
0.02375685318312749,-0.02643295499095342,
0.02307152170823232,0.02176210742314001,
0.02377891543458177,-0.0264479409445522,
0.02305679889684665,0.02175209409846671,
0.02372245607236231,-0.02634030222504015,
0.02303208265194074,0.02173304781195506,
0.02358081880364554,-0.02610295348776279,
0.02295067290453388,0.02166077871015565,
0.02293218783494353,-0.02509994787138146,
0.02290895841526557,0.02162435984276564,
0.02261843813042617,-0.02460786804685621,
0.02286274833492795,0.02158271370968248,
0.02224990508924855,-0.02403687251747034,
0.02281405774221499,0.02153775772977185,
0.02184622921673884,-0.02341605285913026,
0.02276501960142198,0.02149177710995189,
0.02143185383031598,-0.0227807564447812,
0.02271775694370658,0.02144725839042517,
0.0210337954246498,-0.02216955698119748,
0.02267426362723818,0.02140668725804319,
0.02067897533346536,-0.02162068540104968,
0.02263630459067785,0.02137233354718147,
0.02039144343053476,-0.02116835255834508,
0.02260534162699116,0.0213460503833135,
0.02018985632856031,-0.02083942895390416,
0.02258248570132816,0.02132911441292634,
0.02008555453522845,-0.02065091743397138,
0.02256847311032224,0.02132212938557079,
0.02008151249451239,-0.02060856071524054,
0.02256366107151513,0.02132500639069944,
0.02017231819015335,-0.02070677518391986,
0.02256803852323247,0.02133702224870111,
0.02034519017914106,-0.02092991499024634,
0.02258124918789339,0.02135694515127233,
0.02058188253291879,-0.02125467422076143,
0.0226026252202256,0.02138320613526942,
0.02086118918529892,-0.02165326259168005,
0.02263123018555722,0.02141408846783081,
0.02116166429326916,-0.02209687270710756,
0.02266590945046507,0.02144790571939242,
0.02146414317613454,-0.02255891726184069,
0.02270534472787741,0.02148314323966356,
0.02175368666564156,-0.02301756188071591,
0.02274810831393519,0.02151854587261882,
0.02202067438789403,-0.0234572066386795,
0.02279271229353308,0.02155314524317943,
0.02226092128432811,-0.0238687544454249,
0.02283764910876844,0.02158623073742504,
0.02247485944992154,-0.02424871407352312,
0.02288142225745377,0.02161727747382478,
0.02266598374043372,-0.02459738192025353,
0.02292256889637819,0.02164585072795067,
0.02283887702497387,-0.02491649502102389,
0.02295967888113188,0.02167150870581956,
0.02299719004342304,-0.02520682364473133,
0.02299141642279823,0.02169372423558499,
0.02314194375104673,-0.02546616455778936,
0.02301655049464114,0.02171184143894804,
0.02327045340708342,-0.02568811085391275,
0.02303399820403853,0.02172507675938906,
0.02337605878248544,-0.02586182976806268,
0.02304288183370407,0.02173256608444201,
0.02344870589337342,-0.02597290373642425,
0.02304259583875239,0.02173345230639071,
0.02347628681079031,-0.02600511274769841,
0.02303287574880212,0.02172700150108429,
0.02344652692446888,-0.02594288556349231,
0.02301385776989929,0.02171273160239021,
0.02334912906297065,-0.02577404424795313,
0.02298611687863072,0.0216905352819901,
0.02317784900904452,-0.02549242176609453,
0.02289860817229443,0.02161109552248334,
0.02246015396817212,-0.02438819877909928,
0.0228573517475579,0.0215746973550676,
0.02214918124337934,-0.02390012597687526,
0.02281298908035328,0.02153438478319776,
0.02179603447982802,-0.0233521135507918,
0.02276743380886255,0.02149207631826431,
0.02142034711993662,-0.02277306172285715,
0.02272267000633304,0.02145003046394361,
0.02104643040300677,-0.02219785198786521,
0.02268063530148885,0.0214106681753422,
0.02070090282856447,-0.02166415995344877,
0.02264311317136374,0.02137635933569812,
0.02040985976761889,-0.02120870531851562,
0.02261164382733608,0.02134919897731913,
0.02019594756512521,-0.02086341036289084,
0.02258745853817958,0.02133080279670462,
0.02007573788311598,-0.02065197196605091,
0.02257143784305484,0.02132215075871959,
0.02005777426253379,-0.02058731624130366,
0.02256409116241448,0.0213235017686257,
0.0201415820693052,-0.0206702986810375,
0.02256555434369278,0.02133439212666331,
0.02031780257466174,-0.02088984658980401,
0.02257560233264721,0.02135371748467596,
0.02056944908589148,-0.02122453615477528,
0.02259367545421986,0.02137988477574947,
0.02087411285829852,-0.0216453844364744,
0.02261891860161965,0.02141100972103903,
0.02120679780339126,-0.02211945181441953,
0.02265023225658741,0.02144512915482266,
0.02154296275668922,-0.02261372577062743,
0.02268633270700081,0.02148039664366242,
0.02186131771357407,-0.02309871616101422,
0.02272581678515504,0.0215152345716701,
0.02214596342798763,-0.02355124476586903,
0.02276722494842386,0.02154842479568101,
0.02238757558303102,-0.02395605038677475,
0.02280909643890203,0.02157913122139917,
0.02258349593643898,-0.02430603147662977,
0.02285001192455335,0.02160685909098698,
0.02273677479429937,-0.02460117597220431,
0.02288862210628676,0.02163136550875779,
0.02285437972264777,-0.02484644254341185,
0.02292366441726488,0.02165254238443381,
0.02294491513284669,-0.02504902175713406,
0.0229539730922896,0.02167029580375009,
0.02301626508304456,-0.02521549258471,
0.02297848964524338,0.02168444475101458,
0.02307356806870573,-0.0253493870061129,
0.02299628064695401,0.02169465758845282,
0.02311786156989604,-0.02544958739046558,
0.02300656760611065,0.02170043767205332,
0.02314561111296433,-0.02550982679335833,
0.02300877012806371,0.02170116116139485,
0.02314918690494677,-0.02551937042658038,
0.02300255911556394,0.02169616174173239,
0.02311819693502435,-0.02546476048479853,
0.02298791255710246,0.02168484976143994,
0.02304145293849017,-0.02533233720408051,
0.02296516345426509,0.02166684803447631,
0.02290925290281374,-0.02511113020990058,
0.02293502854608105,0.02164212373159204,
0.02271562091095717,-0.02479565957783358,
0.02284421988275457,0.02155814703150803,
0.02195647156536784,-0.02363093397062674,
0.02280405741314634,0.02152252983447998,
0.02165691513666298,-0.02315905890322987,
0.02276210218915253,0.02148430180863878,
0.02132778605618582,-0.02264605772902868,
0.02272014678507794,0.02144535457235647,
0.02098839793443503,-0.02212020331383816,
0.02268001246733117,0.02140788891051872,
0.02066257599085034,-0.02161543407862453,
0.02264344345005018,0.02137422770523358,
0.02037616396853503,-0.0211680328452394,
0.0226120103169498,0.02134659340191884,
0.02015405871102185,-0.02081272958926457,
0.02258703060732691,0.02132687832511114,
0.02001716745131524,-0.02057873589087434,
0.02256951042394574,0.02131643961728985,
0.01997971269122189,-0.02048625092519114,
0.02256010723598794,0.02131594897950127,
0.02004727937153458,-0.02054393554491684,
0.02255911191170444,0.02132532043007193,
0.02021590808664225,-0.02074773291251196,
0.02256644771915617,0.02134372782487536,
0.02047239545127779,-0.02108123340438324,
0.02258168500906354,0.02136970987430648,
0.02079578744599497,-0.02151756191106724,
0.02260407142418929,0.02140134652770862,
0.02115987053509182,-0.02202254001888662,
0.02263257766810722,0.02143647959978827,
0.02153630887726525,-0.02255868070661506,
0.02266595757982981,0.0214729444674335,
0.02189797201051325,-0.02308944326598582,
0.02270281879411263,0.0215087795212431,
0.02222196581480818,-0.02358313569735732,
0.02274169760569805,0.02154238549414336,
0.02249192761947343,-0.02401591032747385,
0.02278113001664303,0.02157261642789592,
0.02269926687613744,-0.02437344766898338,
0.02281971122500355,0.02159879587559873,
0.02284320540251111,-0.0246511387607137,
0.02285613819533417,0.02162066385082673,
0.02292966590003489,-0.02485282038585093,
0.02288923384738092,0.02163827017447226,
0.02296924058786173,-0.02498834846595685,
0.02291795569771502,0.02165183690104208,
0.022974612302345,-0.02507047320848005,
0.02294139527845008,0.02166161568020018,
0.02295787549295574,-0.02511157603669707,
0.02295877641754578,0.02166776506235237,
0.02292820364083178,-0.02512082906781162,
0.02296946009030828,0.02167026826097095,
0.02289023586999977,-0.02510224635306886,
0.02297296117413769,0.02166890457394899,
0.02284342449206143,-0.02505393150204095,
0.02296897861832616,0.02166327872274251,
0.02278242134713537,-0.02496861928893026,
0.02295743610994286,0.02165290314099484,
0.02269841225129682,-0.02483539500054157,
0.02293852623326822,0.02163732003253173,
0.02258116221126457,-0.02464228857831872,
0.0229127483256194,0.02161624386573816,
0.02242142989875043,-0.02437930772015123,
0.02288092948685971,0.02158970154072384,
0.02221336021027056,-0.02404141107565812,
0.02278972671378336,0.02150421307123887,
0.02144477692516687,-0.0228627297060593,
0.02275122607941738,0.02147008611058476,
0.02116430859161786,-0.02241794127286629,
0.02271212102108947,0.02143458952124496,
0.0208663375503516,-0.02194990746991169,
0.02267406999652086,0.02139956129839768,
0.02056957500355437,-0.02148588595632855,
0.02263872517190093,0.02136711629478367,
0.02029704436089496,-0.02105845654695931,
0.02260763741412798,0.02133945161332701,
0.02007348844009849,-0.02070209447416004,
0.02258216993274513,0.0213186177475906,
0.01992230078465685,-0.02044916466283549,
0.02256342730117921,0.02130628603262953,
0.01986240271458036,-0.02032587626169679,
0.02255220297676257,0.02130354593595022,
0.01990551481161807,-0.02034876576821757,
0.0225489455023847,0.02131076323761127,
0.02005423462555881,-0.0205222260598593,
0.02255374220488278,0.02132752209593401,
0.02030123191013033,-0.02083746935546643,
0.02256631947047089,0.02135266146982825,
0.02062971928591526,-0.0212731184931836,
0.02258605980923195,0.02138440157448407,
0.02101517059156317,-0.02179738858924145,
0.02261203671831794,0.02142054181536345,
0.02142806967079011,-0.02237158471639147,
0.02264306779279595,0.02145870073455938,
0.02183731035026687,-0.02295443895325178,
0.02267778430040906,0.02149656290947502,
0.02221376247278622,-0.02350667707883122,
0.02271471212377584,0.02153209825227767,
0.02253348901084026,-0.02399516625555819,
0.0227523558385222,0.02156372526871019,
0.02278015248777946,-0.02439605960501805,
0.02278927610310584,0.02159040003437615,
0.02294627742453423,-0.02469651282802474,
0.02282415135045527,0.02161162489111927,
0.02303321801442713,-0.02489477605798391,
0.02285581798435236,0.02162738307112619,
0.02304988575978113,-0.02499872251290644,
0.0228832880270742,0.02163801585373668,
0.02301048549765112,-0.0250231202930408,
0.02290574807347679,0.02164406617154686,
0.02293165767066259,-0.02498614360458196,
0.02292254712948183,0.02164611605622872,
0.02282950570512712,-0.02490572376233213,
0.02293318254317097,0.02164464470801241,
0.02271698823976839,-0.02479634325117938,
0.02293729251001151,0.02163992953648199,
0.02260207921370201,-0.02466678067858445,
0.02293466087851217,0.02163200498286965,
0.02248696020274606,-0.02451914022591496,
0.02292523592512645,0.02162068444001988,
0.02236833434654915,-0.02434927822108974,
0.02290916031528816,0.02160564054866365,
0.02223876971919851,-0.02414850961552847,
0.0228868055484109,0.02158653002072104,
0.02208882089162794,-0.02390627514572385,
0.02285880163165965,0.02156314216841525,
0.0219095635255008,-0.02361330514568532,
0.02282605216462351,0.02153554635883911,
0.02169512187590694,-0.02326474641422318,
0.02273732339259826,0.02145180480770868,
0.02095146787150476,-0.02212162486406606,
0.02270096362005158,0.02141978830988063,
0.02069632949091732,-0.02171288613787015,
0.02266502086019573,0.02138752785168387,
0.02043470631706188,-0.02129709673585668,
0.02263101285151252,0.02135678423500236,
0.02018447567197119,-0.02090018601656146,
0.02260042342509759,0.02132956303568949,
0.01996760390161575,-0.02055304905863704,
0.02257461735328273,0.02130791471935522,
0.0198074795106004,-0.02028804550541941,
0.02255476294857718,0.02129370230475187,
0.01972577582484969,-0.02013492693179174,
0.02254176809358176,0.0212883689481135,
0.01973928621029112,-0.02011675727188495,
0.02253623235343367,0.02129274020217777,
0.01985719818136367,-0.02024641574409705,
0.02253841561811358,0.02130689234265933,
0.02007922904710033,-0.0205242128915905,
0.02254822303303163,0.02133010912860444,
0.02039493674019532,-0.02093701104116234,
0.02256520665084261,0.02136093599374291,
0.02078435720400732,-0.02145903617283215,
0.02258858535454985,0.02139732534337945,
0.02121992621742264,-0.02205432609211451,
0.02261728493044079,0.02143685228184431,
0.02166944821128746,-0.02268051577204576,
0.0226499988041563,0.02147696945697413,
0.02209970951414504,-0.02329345392750961,
0.02268526682208031,0.02151526465336397,
0.02248022735720236,-0.02385201084504939,
0.02272156544125747,0.02154968590529928,
0.02278659868182941,-0.02432240121854868,
0.02275739927302813,0.02157870556869196,
0.02300297093329058,-0.02468141629115652,
0.02279138256431429,0.02160140538169142,
0.0231232923145695,-0.02491812758850434,
0.02282230067804478,0.02161747700972328,
0.02315118950110781,-0.02503386320600616,
0.02284914571798532,0.02162714490192034,
0.02309853490389179,-0.02504052743146911,
0.02287112598605387,0.0216310288138476,
0.02298296745568672,-0.02495759018412382,
0.02288765436596292,0.02162997086352921,
0.02282478711726782,-0.0248082715972019,
0.02289832454248792,0.02162485572352168,
0.02264372860473151,-0.02461555661094583,
0.02290288533567109,0.02161645218187541,
0.02245612157544824,-0.02439867826743329,
0.02290122225692929,0.02160529995261358,
0.02227286466931885,-0.02417060878170438,
0.02289335221458249,0.02159165790040175,
0.02209849527425153,-0.02393691437421253,
0.0228794329981078,0.02157551987131856,
0.02193145206503457,-0.02369609659295873,
0.02285978472344921,0.02155669356609843,
0.02176543485066394,-0.02344129937512718,
0.02283491670614347,0.02153492795525571,
0.02159159686553203,-0.02316304648757532,
0.02280555095322267,0.0215100670565141,
0.02140118308139648,-0.02285251985525283,
0.0227726331073864,0.02148220350936316,
0.02118816956940731,-0.02250481533527079,
0.02268907701395889,0.02140350447964411,
0.02050367391755283,-0.02144637126910313,
0.02265523522114765,0.02137409941804494,
0.02027837417173919,-0.02108030248753991,
0.02262263181784244,0.02134541015356182,
0.02005606589386483,-0.02072099362608317,
0.02259264308175208,0.0213191015170961,
0.01985362692193619,-0.02039282576491139,
0.02256659139640168,0.02129705298604606,
0.01969178745252089,-0.02012479126945897,
0.02254566873661865,0.02128115588597202,
0.01959241594705809,-0.01994695027651982,
0.02253086676481353,0.02127308039997019,
0.0195753487045903,-0.01988633339963472,
0.02252291843025942,0.02127404606197515,
0.01965522163972545,-0.01996287344361087,
0.02252225352012906,0.0212846311459071,
0.01983878144813965,-0.0201859685328909,
0.02252896906910528,0.02130465217796344,
0.02012310311653709,-0.02055221267671245,
0.02254281538571872,0.02133313496649127,
0.02049502454624714,-0.02104468199514964,
0.02256319936350004,0.02136838457623276,
0.02093194016800786,-0.02163395247331451,
0.02258920769025027,0.02140814609298076,
0.02140389684133915,-0.02228077653055199,
0.02261965234178679,0.02144983379146707,
0.02187673703915536,-0.02294009751788935,
0.02265313859718669,0.02149079610106247,
0.02231586853143384,-0.02356587298889118,
0.02268815191163901,0.02152857928591509,
0.0226901351375701,-0.02411604477761445,
0.02272315545986655,0.02156115445758399,
0.02297523904804776,-0.02455696130089603,
0.02275668667678467,0.02158707962101571,
0.02315622788839093,-0.02486663372719841,
0.02278744015495028,0.0216055792589001,
0.02322870041281157,-0.02503638282076577,
0.02281432646429853,0.02161653647632189,
0.02319858117868006,-0.02507068004371045,
0.02283650137016405,0.02162040504616744,
0.02308053467581102,-0.02498526460418106,
0.02285336613737691,0.02161805925502635,
0.0228952968723771,-0.02480388142867296,
0.0228645453408675,0.02161060709748382,
0.02266636282374164,-0.02455418974765219,
0.02286985235208194,0.02159919632470339,
0.02241655681498213,-0.02426350462828217,
0.02286925366914263,0.02158484269965574,
0.02216501310378399,-0.02395503714958909,
0.02286284159265209,0.02156830554417645,
0.02192501230871566,-0.02364519495928272,
0.02285082115274206,0.02155002779882302,
0.02170296691901949,-0.02334231404003438,
0.02283351269548871,0.02153014743204067,
0.02149865650931135,-0.02304694909266983,
0.02281136714552601,0.02150857566674539,
0.02130661199814466,-0.02275359568458449,
0.02278498748996879,0.02148512688106354,
0.02111837114136573,-0.02245349326743987,
0.0227551480513206,0.02145967679843867,
0.02092520065360221,-0.02213799772301551,
0.0227228029664221,0.02143232090044554,
0.02072082011513313,-0.02180193611715241,
0.02264683979100794,0.02136177898454948,
0.02012695958055117,-0.02087336888781276,
0.02261578527517867,0.02133534705997758,
0.01993415208625005,-0.02055406528594849,
0.02258656612916687,0.02131038022753893,
0.01975184034797714,-0.02025234286682133,
0.02256042141975207,0.02128843452474868,
0.0195958100767775,-0.01999091597280794,
0.02253852399416733,0.02127125407301647,
0.0194854597337467,-0.01979677248274483,
0.02252191118938291,0.02126056767351026,
0.01944106582176419,-0.01969761929398241,
0.02251142090766709,0.02125785779852936,
0.01948061424467667,-0.01971780140300148,
0.02250763743920808,0.02126413640892089,
0.01961666542183876,-0.01987428802472842,
0.02251084951455573,0.02127976309927024,
0.01985373410914871,-0.02017333260530438,
0.02252102207381128,0.02130433616524157,
0.02018660857686355,-0.0206083401210082,
0.02253778346074788,0.02133667675298698,
0.02059991200537129,-0.0211593205989534,
0.02256043071704917,0.02137491194986371,
0.02106903589551583,-0.02179409028033286,
0.02258795629754031,0.02141664710173493,
0.02156237452887957,-0.02247113028883507,
0.02261909871738631,0.0214592037308441,
0.02204459114828511,-0.02314376390673377,
0.02265241680310563,0.02149988973451539,
0.02248048249379229,-0.0237651069078828,
0.02268638274527783,0.02153626463492282,
0.02283890672739127,-0.02429311593350445,
0.02271948436671314,0.02156636481067939,
0.02309621946309718,-0.02469503180506412,
0.02275032368027224,0.02158886098065348,
0.0232387292714846,-0.02495059606965945,
0.02277769835816223,0.02160313106113452,
0.02326382865782793,-0.02505359965773508,
0.02280065566044196,0.02160924394237072,
0.02317965668056064,-0.02501157462990763,
0.02281851397965641,0.02160786193169616,
0.02300337288870586,-0.0248437229887081,
0.02283085383832717,0.02160008012938265,
0.02275833261820893,-0.02457744384903482,
0.02283748602659276,0.02158722873350022,
0.02247061636358417,-0.02424402757859077,
0.02283840809114777,0.02157066840108577,
0.0221654543866566,-0.02387419875365787,
0.02283376093851636,0.02155160881048032,
0.02186408811338529,-0.02349419125682657,
0.02282379516368338,0.02153097635879604,
0.02158152360846565,-0.02312293044672693,
0.02280885276632944,0.02150934892359498,
0.02132547579756184,-0.02277069984400859,
0.02278936530291477,0.02148696488251381,
0.02109660306593117,-0.02243941861925515,
0.02276586525488584,0.02146380172099893,
0.02088992447101287,-0.02212439436580939,
0.02273900419899876,0.02143970843402405,
0.02069712975718514,-0.02181718570798967,
0.02270956968527114,0.02141456730062984,
0.02050936297770718,-0.02150904582408318,
0.02267849276125214,0.02138845578800201,
0.02032000063383509,-0.02119434246689094,
0.02261218275110267,0.02132878792461726,
0.01984304334520113,-0.02043364749844712,
0.02258407672290265,0.02130554293641654,
0.01968358414684072,-0.02016272907327917,
0.02255816282413257,0.02128426610935126,
0.01953980831635774,-0.0199167454754351,
0.02253555120391628,0.02126639838038551,
0.01942638872964298,-0.01971672544542455,
0.02251728104572698,0.02125354712817672,
0.0193613786327968,-0.01958766383073061,
0.02250425701936872,0.02124728429247948,
0.01936348162350094,-0.01955498550345245,
0.02249718985873071,0.02124891967782317,
0.01944891766573185,-0.01964051913298097,
0.02249654520592828,0.02125928406674454,
0.0196283554342369,-0.01985857707413635,
0.02250250343149654,0.02127855719015731,
0.01990438862486233,-0.02021274411649169,
0.02251493254142723,0.02130617010775402,
0.02026997214410034,-0.02069389799380747,
0.02253337668801558,0.02134080074260177,
0.02070810843880426,-0.0212798254468051,
0.02255706365984321,0.02138046694783105,
0.02119289952878904,-0.02193657797581628,
0.02258493498453051,0.02142270616209582,
0.0216918802848214,-0.02262146043147544,
0.02261570091711928,0.0214648172900683,
0.02216935288890926,-0.02328729978165866,
0.02264791921458026,0.02150413133651546,
0.02259028243407547,-0.02388743933853924,
0.0226800917935809,0.02153827393461119,
0.02292421651237932,-0.02438077961464595,
0.02271076858233249,0.02156538540569492,
0.0231486754936482,-0.02473616414262746,
0.0227386448774244,0.02158427142882326,
0.02325153020339895,-0.02493549455356263,
0.02276263864382188,0.02159446815152891,
0.02323203070319325,-0.02497514333842792,
0.02278193775992676,0.02159621779807076,
0.02310035149704091,-0.02486548726934198,
0.02279601331773844,0.02159036284512107,
0.02287574271780379,-0.0246286688571352,
0.02280460198502951,0.02157817726384674,
0.02258358730813626,-0.02429496089835185,
0.02280766618038807,0.02156116108785216,
0.02225182633540789,-0.02389831572224787,
0.02280534397249067,0.0215408288043201,
0.02190730166362997,-0.02347179197011831,
0.02279790069183221,0.02151852217954038,
0.02157256326289513,-0.02304354989220709,
0.02278569167060559,0.02149527391584112,
0.02126359887214672,-0.02263399325683469,
0.02276914134038805,0.02147174037803385,
0.02098878312551301,-0.0222544332955587,
0.02274873930063001,0.02144821059768022,
0.0207491401355683,-0.02190739385267258,
0.02272504989956651,0.02142468653603787,
0.0205398027690902,-0.02158841105270769,
0.0226987289704483,0.02140101813621414,
0.02035236794407072,-0.02128894876085961,
0.02267053995426945,0.02137706788773913,
0.02017771811201873,-0.02099988807181348,
0.02264136180801022,0.02135287484180124,
0.02000882162982824,-0.02071497661966599,
0.02258635060137676,0.02130620970708928,
0.01966782665049621,-0.02015026707248063,
0.02256124968866583,0.02128622011327492,
0.01954098568245773,-0.01992712786431052,
0.02253844949292756,0.02126843108868615,
0.01943246181837407,-0.0197324860194228,
0.02251894272890687,0.02125416859112389,
0.0193558578720979,-0.01958575417639285,
0.0225036538694053,0.02124490929825235,
0.01932794114716361,-0.01951004593119934,
0.02249337987985381,0.02124208211823149,
0.0193659413966221,-0.01952868494018042,
0.02248873391289645,0.0212468477617919,
0.01948448141767435,-0.01966126790082067,
0.02249009611174228,0.02125989065182343,
0.01969260672575929,-0.01991987273856896,
0.02249757460084976,0.02128125726597847,
0.0199913818126668,-0.02030600236655177,
0.02251097937442707,0.02131026908348977,
0.0203724541455174,-0.02080876901705606,
0.02252981220202913,0.02134552735818819,
0.02081785935732699,-0.02140466249451162,
0.02255327628018145,0.02138501276255332,
0.0213011672600566,-0.02205902691014212,
0.02258030918682842,0.02142626809481504,
0.02178987184035139,-0.02272912349255941,
0.02260964086724904,0.02146663944177026,
0.02224873821255778,-0.02336841757889438,
0.02263987467448555,0.02150354269264023,
0.02264366569966406,-0.02393153322953575,
0.02266958461859069,0.02153471936369762,
0.02294553489224892,-0.02437920196312731,
0.02269741743869414,0.02155844839849495,
0.02313349488423445,-0.02468251513440643,
0.02272218560370456,0.02157368801200931,
0.02319721959562928,-0.02482587930941655,
0.02274293805862696,0.02158013218921136,
0.02313780994038896,-0.02480825978298154,
0.02275899958886641,0.02157817840083983,
0.0229672194881002,-0.02464255154304297,
0.02276997603225789,0.0215688148837853,
0.02270630361043331,-0.02435319932399756,
0.02277572940908133,0.0215534461356414,
0.02238179992148198,-0.02397245277306979,
0.02277633246233235,0.02153368300609288,
0.02202270684523298,-0.02353584518454574,
0.02277201479593152,0.02151112802456923,
0.021656610852514,-0.02307759086035838,
0.02276311242361346,0.02148718671006317,
0.02130650747904326,-0.02262658954170981,
0.02275002966473299,0.02146293130619877,
0.02098856830427179,-0.02220360896755777,
0.02273321805229718,0.02143903504386912,
0.02071114258430774,-0.02182001023690912,
0.02271317242799412,0.02141578376704198,
0.0204750771936554,-0.02147812206109705,
0.02269044059056614,0.02139315931156105,
0.02027522728620398,-0.02117310370092314,
0.02266564025587964,0.02137097745942281,
0.02010284745206316,-0.02089590611335345,
0.02263947588800048,0.02134905452956019,
0.01994842704765295,-0.02063678171513838,
0.02261274819138153,0.02132737210839009,
0.01980448042617188,-0.0203887263111145,
0.02257023459844026,0.02129510840543543,
0.01960999327493156,-0.02003646311369479,
0.02254809635083573,0.02127830946439587,
0.01951377506797807,-0.01985866361806799,
0.02252811846515937,0.02126366154283377,
0.01943583941272028,-0.01970898327771937,
0.02251119024532641,0.02125238149150188,
0.01938881115665181,-0.01960535818583176,
0.02249814285460876,0.02124582766172287,
0.01938828820269912,-0.0195692123079834,
0.02248969293957194,0.02124530637498556,
0.0194501883807206,-0.01962203546635895,
0.02248638815131891,0.02125185932509774,
0.01958777103147907,-0.01978156557525461,
0.0224885589351613,0.02126606533392512,
0.01980878974512743,-0.02005815412479595,
0.02249628012895033,0.02128788916737897,
0.02011322731514318,-0.02045188521572471,
0.02250934560595103,0.02131660393204169,
0.02049199390026344,-0.02095092855824114,
0.02252725944520327,0.02135080270885946,
0.02092684142700797,-0.02153144476732118,
0.02254924736795786,0.02138850132154705,
0.02139157671372659,-0.02215914625443045,
0.02257429157568615,0.02142731993246194,
0.02185446546857273,-0.02279237729638899,
0.02260118995078944,0.02146471907319349,
0.02228153695187705,-0.02338634677816427,
0.02262863676163867,0.02149825782692841,
0.0226403533434388,-0.02389796234721097,
0.02265531733605925,0.02152583931653659,
0.02290372343993737,-0.02429060653068662,
0.02268000508700362,0.02154591144822155,
0.02305283339599176,-0.02453818472072735,
0.02270164735637408,0.02155759811360238,
0.02307934200959161,-0.0246278679190065,
0.02271942778494725,0.02156074630461308,
0.02298613533778754,-0.02456113875814673,
0.02273279727121455,0.02155588623346903,
0.02278663354290243,-0.0243530003590132,
0.02274147191738828,0.0215441130819904,
0.02250276084940946,-0.02402948453470639,
0.0227454028789014,0.02152690914459079,
0.02216189203216143,-0.02362385342206499,
0.02274472795144454,0.02150593276348913,
0.02179324229717153,-0.02317208367077835,
0.0227397169061396,0.02148280461948912,
0.02142424577308423,-0.02270832178845885,
0.02273072182866867,0.02145892191411927,
0.02107745777726386,-0.02226098649516775,
0.02271814069146196,0.0214353264862398,
0.02076841967644769,-0.0218500721118087,
0.02270239820182467,0.02141264435189697,
0.02050475992353322,-0.02148599844806469,
0.02268394372950603,0.02139110271763717,
0.02028660006821975,-0.02117009452157943,
0.02266326261806674,0.02137061801397149,
0.02010812569173986,-0.02089654031938876,
0.02264089483492852,0.02135093703625268,
0.01996000395672661,-0.02065536613008831,
0.02261745384728,0.02133180480158342,
0.01983220920263279,-0.02043595715931297,
0.02259363881745042,0.02131312859119554,
0.01971677153610162,-0.02023045223898832,
0.02256435867340172,0.0212958591050648,
0.01967036334917511,-0.02009476604417709,
0.02254504777612452,0.02128207183248265,
0.01960188003490556,-0.01995849748423447,
0.02252751382952414,0.02127010675619964,
0.01954899182280941,-0.01984606174838118,
0.02251255887588719,0.0212610821179323,
0.01952346962491343,-0.01977410570906254,
0.022500944216022,0.02125625509099109,
0.01953989676397652,-0.01976261034615718,
0.02249333560254995,0.02125683447676566,
0.01961308328461032,-0.01983155821370122,
0.02249024935977361,0.02126377712293862,
0.01975520114851451,-0.01999726017568695,
0.02249200419926584,0.02127760017870921,
0.01997308110637693,-0.020268901270452,
0.02249868278501836,0.02129824013864298,
0.02026610025527759,-0.0206458490971632,
0.02251010670816556,0.02132498334435948,
0.0206250164820007,-0.02111617481291224,
0.02252582848191915,0.02135648204002986,
0.02103197950784987,-0.02165667636770458,
0.02254514400201365,0.02139085693264544,
0.02146178314996546,-0.02223448499725289,
0.02256712791901039,0.02142587379177978,
0.02188424152352641,-0.0228101064091038,
0.02259069198881173,0.02145917031246603,
0.02226739944788701,-0.02334153011715084,
0.02261466274785487,0.02148850216174081,
0.02258115121173938,-0.02378886766688929,
0.02263787059691786,0.0215119748619282,
0.0228007652631572,-0.02411888238390335,
0.02265923891792163,0.02152823095387423,
0.02290981038424986,-0.02430876927916898,
0.02267786056110251,0.02153656890432679,
0.02290205518312997,-0.02434863915879349,
0.02269305071236188,0.02153698013410774,
0.02278205817368632,-0.02424234473833051,
0.02270436959072611,0.0215301018465153,
0.02256435918249908,-0.02400653195395998,
0.02271161447675549,0.0215170945974997,
0.02227139415709372,-0.02366806814729106,
0.02271478653864519,0.02149946348254241,
0.02193045025004426,-0.02326024628683793,
0.02271404220601417,0.02147884926068774,
0.02157012357156741,-0.0228183490289453,
0.02270964049817561,0.02145681967880845,
0.02121681314631099,-0.02237524643118954,
0.02270189669098203,0.02143469095781148,
0.02089176888285108,-0.02195768103827582,
0.02269114970101506,0.02141340461661228,
0.02060911162001505,-0.02158376794126814,
0.02267774662879284,0.0213934760182577,
0.02037507747202288,-0.02126202822620949,
0.02266204401687821,0.02137501949123736,
0.02018853630985088,-0.02099201928904636,
0.02264442220430781,0.02135784249233336,
0.02004263056038252,-0.02076636901825194,
0.02262530700700295,0.02134159015844614,
0.01992720957395687,-0.02057380536471185,
0.02260519191717823,0.02132591363403988,
0.01983162296836096,-0.02040263142746606,
0.02258465410355576,0.02131063202022215,
0.01974739809347541,-0.02024404734474308,
0.02256887451291708,0.02130814109306109,
0.01984207960331974,-0.02031719017493737,
0.02255216907165133,0.0212970945869562,
0.01979791607139951,-0.02021773578357733,
0.02253662641840763,0.02128727861135586,
0.01976415036406473,-0.02013413141169856,
0.02252297938949618,0.02127972655497825,
0.01975183764004903,-0.02008194700431259,
0.02251194465923831,0.02127561456084343,
0.01977472023328287,-0.02007999671686962,
0.02250416823370711,0.02127608144469945,
0.01984672564673496,-0.02014711351679842,
0.022500170951156,0.02128203498229782,
0.01997923411320905,-0.0202986407562793,
0.02250029929441648,0.0212939749913022,
0.02017853587589858,-0.02054317541837817,
0.02250468610651889,0.02131186211322491,
0.02044388040506236,-0.02088007373046277,
0.02251322518985664,0.02133505497640763,
0.02076644524816877,-0.02129813430668621,
0.02252556332521698,0.02136232831510692,
0.02112942881048571,-0.02177571707206506,
0.02254111263119639,0.0213919722448444,
0.02150931362977252,-0.02228235640734293,
0.02255908484912401,0.02142196036984911,
0.02187817519095605,-0.02278170996621603,
0.0225785466940924,0.02145016389642759,
0.02220675046290337,-0.02323548096657722,
0.02259849197715698,0.02147458218358251,
0.02246785513405149,-0.02360779280355953,
0.02261792252676405,0.02149355812690593,
0.02263967045809233,-0.02386940778996368,
0.0226359271954909,0.02150594948735209,
0.02270842360006271,-0.02400118463064172,
0.02265174756579971,0.02151123401566954,
0.02267006258320369,-0.02399626635060167,
0.02266482093942961,0.02150953577308815,
0.02253066938436246,-0.02386067070907043,
0.02267479550937993,0.02150157100637484,
0.0223055418874924,-0.02361219260079778,
0.02268151815455319,0.0214885229043709,
0.02201707804734798,-0.02327778520502447,
0.02268500054073992,0.02147186422882001,
0.02169178045228259,-0.02288982112406052,
0.02268537279509665,0.02145315396002115,
0.02135683496090119,-0.02248180629971823,
0.0226828352087756,0.02143383767609625,
0.02103677935592182,-0.022084198025513,
0.02267761726951979,0.02141508066975915,
0.02075075567254415,-0.02172094994575414,
0.02266995051031596,0.02139765763662053,
0.02051073682650329,-0.02140727680188502,
0.02266005810996135,0.02138191373636401,
0.02032095288741802,-0.02114892343354153,
0.02264816071265691,0.02136780030216499,
0.02017854442333951,-0.02094297340768381,
0.02263449506193472,0.0213549763887932,
0.02007527449366163,-0.0207799860405067,
0.02261934000313524,0.02134295680165309,
0.01999996995502806,-0.02064704756021329,
0.02260304329287531,0.02133128002543663,
0.01994126159172205,-0.02053119392445807,
0.02258604253660988,0.02131966668459013,
0.0198901639756678,-0.02042262575641838,
0.0225835632717093,0.02133099805479656,
0.02011158401294712,-0.0206864394558989,
0.02256916115604488,0.02132235168572235,
0.02008810141726646,-0.02061856610727951,
0.02255509567484194,0.0213141102358254,
0.02006756912892047,-0.02055523948345791,
0.02254205030905732,0.02130723786700885,
0.02006046343688103,-0.0205111698560108,
0.02253072389815434,0.02130285111064548,
0.02007986091013565,-0.02050428751907066,
0.02252177518146914,0.02130204676898354,
0.02013903418826613,-0.02055263941166614,
0.02251576641935518,0.02130571864160644,
0.02024886678177863,-0.02067106093643078,
0.02251311204115729,0.02131439150352467,
0.02041548218582339,-0.02086812744615956,
0.02251403745860992,0.02132809897881828,
0.02063845898375142,-0.02114385882488498,
0.02251855226043281,0.02134632592291406,
0.02090992844972458,-0.02148855408385722,
0.02252644110609429,0.02136802643003968,
0.02121473229710101,-0.02188298130470141,
0.02253727457280634,0.021391717093866,
0.021531669459019,-0.02229995925170455,
0.02255044060942835,0.02141563358546967,
0.0218357011752941,-0.0227071645561342,
0.02256519486576899,0.02143792893563952,
0.02210083567041908,-0.02307081074685048,
0.02258072515279801,0.02145688570140256,
0.02230330030343992,-0.02335970142913914,
0.02259622230250425,0.02147111234965144,
0.02242454997953308,-0.02354908456595477,
0.02261094770131046,0.02147969679230928,
0.0224536685460883,-0.02362374437120343,
0.02262428764880449,0.02148229644297914,
0.02238879752184406,-0.02357986539792862,
0.0226357868175525,0.02147915334495131,
0.02223736496232057,-0.02342537887159683,
0.02264515709422876,0.02147103352209923,
0.02201506668069687,-0.02317872889015955,
0.02265226294806428,0.02145910034278748,
0.02174374422309779,-0.02286623978552319,
0.02265708889923015,0.0214447410037272,
0.02144847695387649,-0.02251848494607077,
0.02265969754676434,0.02142937196684945,
0.02115432926389245,-0.02216621362282489,
0.02266018742826346,0.02141425225211557,
0.02088324594141683,-0.02183645767564774,
0.02265865884727857,0.02140033223557197,
0.02065155925350276,-0.02154940277941773,
0.02265519332315553,0.02138815998303074,
0.02046846522261358,-0.02131647490948964,
0.02264984924759859,0.02137785790043268,
0.02033566305140645,-0.02113988715078458,
0.02264267329498305,0.02136917107960167,
0.02024816013107761,-0.02101365095628665,
0.02263372450295972,0.02136157712453513,
0.02019605937617115,-0.02092582209727178,
0.02262310590261,0.02135443748193757,
0.02016699705697609,-0.02086156378626229,
0.02261099727250898,0.02134716400383018,
0.02014881069212288,-0.02080649659046547,
0.02259768219451304,0.02133937255706885,
0.02013199866653067,-0.02074978074747127,
0.0226078440837249,0.02136295443634364,
0.02046023101886956,-0.02117793852552843,
0.02259536976666806,0.02135631698560491,
0.02045376966579229,-0.021136170597814,
0.0225822193419269,0.02134906410761564,
0.02044091793390097,-0.02108484112941303,
0.02256904847143122,0.02134210702528853,
0.02043169790067416,-0.02103800833679226,
0.0225565661765996,0.02133652389082331,
0.02043868477838447,-0.02101299128067775,
0.0225454771580775,0.02133339623388444,
0.02047471254752295,-0.02102740070507658,
0.02253642220216185,0.02133363645692106,
0.02055044693546957,-0.02109600153536184,
0.02252992334292257,0.0213378325729356,
0.02067219286047716,-0.02122787727413166,
0.02252633947498598,0.02134613442762828,
0.02084027481863434,-0.0214243292382306,
0.02252583681818452,0.02135819992329351,
0.02104825395458581,-0.02167784739743627,
0.02252837726093718,0.02137321098077781,
0.0212831325062331,-0.02197234488063901,
0.02253372612343535,0.02138995845112399,
0.02152655779489927,-0.0222846716147631,
0.02254147908725926,0.02140698462323314,
0.02175689132670783,-0.02258723614463217,
0.02255110580514334,0.02142276312408969,
0.02195187428717456,-0.02285139418449956,
0.02256200519547608,0.0214358903167263,
0.02209151961679787,-0.02305113415027017,
0.02257356516447184,0.02144526061937814,
0.02216081091182343,-0.02316652648956625,
0.02258521821845969,0.02145020064361348,
0.02215180111100563,-0.02318641966536732,
0.02259648475737196,0.02145054317985962,
0.02206478145121377,-0.02310996391575373,
0.02260699797728087,0.02144663086843552,
0.02190832476385372,-0.02294671329579102,
0.02261650786590923,0.02143924962117768,
0.0216981776509309,-0.02271527254157146,
0.02262486587392963,0.0214295021112656,
0.02145515634325415,-0.02244068348351339,
0.02263199544036151,0.02141864051797892,
0.02120236057725181,-0.02215094733175678,
0.02263785580861785,0.02140788388723079,
0.02096213025705971,-0.02187321838011227,
0.02264240713261771,0.02139824789730311,
0.02075321046626406,-0.02163025590120397,
0.02264558389149829,0.02139041292920002,
0.02058855335385803,-0.02143767425876786,
0.02264728158956856,0.0213846502445779,
0.0204740767624937,-0.02130239462680895,
0.0226473591651303,0.02138081666540146,
0.02040853887536949,-0.02122249991749718,
0.02264565688754366,0.02137841700720822,
0.02038450480290147,-0.02118846396254942,
0.02264202703667765,0.02137672260096025,
0.02039020749595039,-0.02118550723150045,
0.02263637250775894,0.02137492545378054,
0.02041197100063509,-0.02119666106908017,
0.02262868689160064,0.02137230237996427,
0.02043678935795926,-0.02120602653911189,
0.02261908885480043,0.02136836246865586,
0.02045464785869399,-0.02120170370764034,
0.02264079145242669,0.02140216930830777,
0.02086629783490769,-0.02176239123620364,
0.02262980399517399,0.02139711324118681,
0.02087326133725388,-0.02174114436108809,
0.02261697327489754,0.02139027344123395,
0.02086303033729323,-0.02169404532919133,
0.02260295015431242,0.02138252425305458,
0.02084528003560345,-0.02163469064054296,
0.02258848256102056,0.02137492546288082,
0.02083223151069317,-0.0215800405206064,
0.02257435428255384,0.02136856768369557,
0.02083647704738088,-0.02154759335068487,
0.02256132074326275,0.02136441073298194,
0.02086871812121909,-0.02155244414091344,
0.02255004921633366,0.02136313881340445,
0.02093575259168299,-0.02160466022072482,
0.02254106974000512,0.02136505426862346,
0.02103901487951792,-0.02170736483176492,
0.02253474131737425,0.021370026356895,
0.02117389967661074,-0.02185582476885167,
0.0225312361357333,0.02137750349089418,
0.02132999357643261,-0.02203770176133443,
0.02253054267426329,0.02138658787328294,
0.02149221165105622,-0.02223446427101795,
0.02253248663991669,0.02139616190316863,
0.02164270305695477,-0.02242378683473961,
0.02253676664493417,0.02140504769809722,
0.02176326953865165,-0.02258261121005679,
0.02254299955571799,0.02141217588734838,
0.02183795201296974,-0.02269043108004855,
0.02255076887639142,0.02141673830987708,
0.02185539948354277,-0.02273231034052118,
0.02255966888085719,0.02141830160320121,
0.02181065169425328,-0.02270116699010458,
0.02256933786828178,0.0214168645055635,
0.021706043804505,-0.02259895229448165,
0.02257947594736025,0.02141285013165882,
0.02155106933835581,-0.02243651712687482,
0.02258984578141121,0.0214070343029806,
0.02136119822184492,-0.02223216060570837,
0.02260025804472379,0.02140042080793657,
0.02115581397741357,-0.02200906747177894,
0.02261054616663692,0.02139408277931936,
0.0209555791520508,-0.02179202351621145,
0.02262053668879213,0.0213889948739255,
0.02077963433667689,-0.02160391955942349,
0.02263002201401566,0.02138588261763533,
0.02064306516767713,-0.02146259096447297,
0.02263874161489559,0.02138511269408929,
0.0205550271288388,-0.02137848373632052,
0.02264637622227451,0.02138664139454145,
0.0205178073550273,-0.02135349952160166,
0.02265255745707984,0.02139002896787369,
0.02052694616793564,-0.02138117546737758,
0.02265689303114475,0.02139451687495629,
0.02057236740819383,-0.02144813651650413,
0.02265900518116565,0.02139915488184677,
0.02064030683474167,-0.02153655593200634,
0.02265857761778319,0.02140295727075536,
0.02071570900583549,-0.02162720853054436,
0.02265540431216822,0.02140506340413814,
0.0207847030264176,-0.0217026230883397,
0.02264943236713885,0.02140487788486297,
0.02083677235770525,-0.02174984399401664,
0.02268116417269963,0.02144660487415543,
0.02130710680554331,-0.02240851142329447,
0.02267116699766148,0.02144267532101489,
0.02132393273052869,-0.02240209244916919,
0.02265804379357917,0.02143569709884935,
0.0213117711283709,-0.02235204126145855,
0.02264246476548537,0.02142652299988658,
0.02128004129056348,-0.02227166525308888,
0.02262524543233578,0.02141621268812907,
0.02124074016068284,-0.02217779564143041,
0.02260728056558851,0.02140588724284469,
0.02120639465820291,-0.02208811165885499,
0.02258947387393344,0.02139657831772791,
0.02118796705921036,-0.02201839485158595,
0.02257267172253413,0.02138909326476957,
0.0211930180454788,-0.02198010801471662,
0.02255760776136049,0.02138391552832681,
0.02122439618813667,-0.02197864690784256,
0.02254486325485852,0.02138115474667855,
0.02127965197770267,-0.02201252131483839,
0.02253484562166101,0.02138055383089167,
0.02135127611142846,-0.02207359489823233,
0.02252778548925759,0.02138155178900305,
0.02142774609674828,-0.02214836458955399,
0.02252375054606154,0.02138339250963839,
0.02149524614997903,-0.02222010786228853,
0.02252267266658633,0.02138526249047854,
0.02153981911945346,-0.02227159086584155,
0.02252438329469722,0.02138643579967074,
0.02154963255042131,-0.02228793324351739,
0.02252865111647879,0.02138640319884724,
0.02151700861868624,-0.02225918475483369,
0.02253521591897357,0.02138496460267313,
0.02143988872040385,-0.02218219598263502,
0.02254381340445716,0.0213822696036398,
0.02132247914042329,-0.02206146157687799,
0.02255418756847716,0.02137879884857092,
0.02117494592978085,-0.021908768673374,
0.0225660897275886,0.02137528842377524,
0.02101217709242116,-0.02174167264313134,
0.02257926587881318,0.02137260865927237,
0.02085178373491879,-0.02158101596993636,
0.02259343625258942,0.02137161641107538,
0.02071164171318963,-0.02144786955911471,
0.02260827231351732,0.02137300459523996,
0.02060735705920973,-0.02136037860066928,
0.02262337694288052,0.02137717360394841,
0.02055005570851811,-0.0213310169391984,
0.0226382731769803,0.02138414594040911,
0.02054484634449557,-0.02136468935944681,
0.02265240582212263,0.0213935384413331,
0.02059019342042472,-0.02145798138274994,
0.02266515863204792,0.02140459702320243,
0.02067828620274261,-0.02159966658418995,
0.02267588757863047,0.02141628870963648,
0.02079632694080925,-0.02177237666099401,
0.0226839681758776,0.02142743661829646,
0.02092851631048254,-0.02195515591068722,
0.0226888520992355,0.02143687716383924,
0.02105841165471531,-0.02212649025011322,
0.02269012596518685,0.02144361590675032,
0.02117128837348607,-0.02226734094454298,
0.02268756372024166,0.02144695943103936,
0.02125615062139718,-0.02236373020202159,
0.02272744749612492,0.02149418678515161,
0.02176097549547454,-0.02308556983220407,
0.02271790043839332,0.02149090617779195,
0.02178401961716521,-0.02308807606685571,
0.02270387379904725,0.02148326826036676,
0.02176578572505389,-0.02302840619508511,
0.02268608183568598,0.02147211871797344,
0.02171551795772982,-0.02291973907082019,
0.02266543533909452,0.021458533464545,
0.02164510729450132,-0.02277898831906038,
0.02264296938492915,0.02144368238285391,
0.02156717505177308,-0.02262427863421941,
0.02261976548119058,0.02142868892963426,
0.02149314316560824,-0.02247238989020822,
0.02259687727867734,0.02141450449268645,
0.02143156361300184,-0.02233652466470958,
0.02257526736900672,0.02140181441130886,
0.02138694163446114,-0.02222470600732919,
0.02255576024316197,0.02139098821139497,
0.0213592203622232,-0.02213902493369751,
0.02253901379980445,0.02138208027975129,
0.02134400446243725,-0.02207584017721569,
0.02252550929275467,0.02137487970227592,
0.02133349664507963,-0.02202689858704106,
0.02251555750949729,0.02136900040683982,
0.02131801542949268,-0.02198120901895577,
0.02250931736207729,0.02136399629524755,
0.02128786968395476,-0.0219273839498704,
0.0225068219993056,0.02135948182798109,
0.02123530014984114,-0.02185608020979301,
0.02250800709255595,0.02135523733166315,
0.02115617349905406,-0.02176213942913451,
0.02251273619575685,0.02135128045150411,
0.02105113867803793,-0.02164606005391892,
0.02252081905984527,0.02134789044854843,
0.02092602904103756,-0.02151452656297991,
0.02253202038384197,0.02134557970097522,
0.02079140869819568,-0.02137986696010169,
0.02254605845100231,0.02134501563692206,
0.02066130048560748,-0.02125848496444193,
0.02256259508778181,0.02134690495817639,
0.02055127257002383,-0.02116848907799141,
0.0225812200799647,0.02135185890810951,
0.02047617540164969,-0.02112688493331709,
0.02260143438040794,0.02136026219768891,
0.02044788814923672,-0.0211467821804096,
0.02262263706606454,0.02137216821233253,
0.02047343969219972,-0.02123507507594176,
0.02264412102932863,0.02138723915678035,
0.02055381119054134,-0.02139098379355481,
0.02266508178085507,0.0214047425142803,
0.02068361534556394,-0.02160570376581726,
0.02268464241150021,0.02142360594233021,
0.02085170253449553,-0.02186322873516435,
0.02270189564525477,0.02144252324005316,
0.02104259308255962,-0.0221422229890505,
0.02271596110561781,0.02146009603983167,
0.02123850536982966,-0.02241865346880056,
0.02272605278297952,0.02147499073591401,
0.0214216631589946,-0.02266878072505788,
0.0227315488771097,0.0214860885354108,
0.02157653477750104,-0.02287206522384538,
0.02273205447021315,0.02149260834023027,
0.02169168268712637,-0.02301357479067031,
0.02277790822751407,0.02154293729530161,
0.02220875492999893,-0.02376545443926307,
0.0227682421361696,0.0215398076883374,
0.02223413291090859,-0.02377062553447366,
0.02275272180575888,0.02153102031448066,
0.02220592808480038,-0.02369503609614432,
0.02273213008048128,0.02151742744624649,
0.02213328956655036,-0.02355189464939287,
0.02270749856465933,0.02150013598328971,
0.02202811768725526,-0.02335839869893961,
0.02268002791151349,0.02148038021388369,
0.02190327900249211,-0.02313336090041018,
0.02265100109806957,0.02145939126106486,
0.02177083360459003,-0.02289483065273092,
0.02262169977047718,0.0214382797102035,
0.021640515600416,-0.02265802884698966,
0.02259333188642755,0.02141794607652408,
0.02151866942208922,-0.02243386399842708,
0.0225669760936129,0.02139902995125601,
0.02140778212775903,-0.02222821606071847,
0.02254354524035125,0.02138190317186496,
0.02130667066560514,-0.02204206795501958,
0.02252376864837453,0.02136670582662144,
0.02121129103618953,-0.0218724450556932,
0.02250819060192924,0.02135341723974342,
0.02111604373948597,-0.02171400330896473,
0.02249718104186924,0.02134194835375623,
0.02101536935346817,-0.02156100344357691,
0.02249095369968324,0.02133223815365914,
0.02090537288528561,-0.02140933863141921,
0.02248958681721081,0.02132433574035161,
0.02078519744332527,-0.02125826051051291,
0.02249304210528449,0.02131845171948972,
0.02065789415649844,-0.02111148251270359,
0.02250117860104692,0.02131496756714719,
0.02053060643553399,-0.02097742989183021,
0.02251375944623293,0.02131439886795756,
0.02041399442124461,-0.0208685420520136,
0.0225304511471098,0.02131731663596069,
0.02032095338573607,-0.02079969394096191,
0.02255081641100758,0.02132423887241339,
0.02026480574264188,-0.02078596156634533,
0.02257430304609026,0.02133551059540441,
0.02025724637643156,-0.02084008245965664,
0.02260023257138565,0.02135119355689477,
0.02030637489853797,-0.0209700299434004,
0.02262779303421589,0.02137098605111249,
0.02041514410449238,-0.02117711538720088,
0.02265604093940214,0.02139418866383064,
0.02058049063806085,-0.02145495430023251,
0.02268391694177514,0.02141972434256657,
0.02079330290311445,-0.02178949378847476,
0.02271027878956978,0.02144621222708262,
0.02103924349809999,-0.02216012618895801,
0.02273395278432274,0.02147208599482642,
0.02130030483475576,-0.02254173854426892,
0.02275380186584735,0.02149574064610114,
0.02155686240687463,-0.02290740145540984,
0.02276880482999362,0.02151568778434307,
0.02178991961319388,-0.02323130820114132,
0.02277813795101691,0.02153069894369299,
0.02198322066472994,-0.02349154876058662,
0.02278124831987825,0.02153991909137202,
0.02212494275144192,-0.02367234334526751,
0.02283066014317962,0.02159106889939762,
0.02263479545184552,-0.02442403753420541,
0.02282029407601654,0.02158757458905712,
0.02265823450889291,-0.02442512380412176,
0.02280273082611527,0.02157717895140777,
0.02261622614437646,-0.02432751583055166,
0.02277884526697884,0.02156075406949846,
0.02251791460922028,-0.02414461850499143,
0.02274981199291967,0.02153945134386921,
0.0223753321250338,-0.02389411459534022,
0.02271701699497034,0.02151458284877662,
0.02220174116589228,-0.02359573320174316,
0.02268196094653844,0.02148749970412169,
0.02201000512594149,-0.02326902983660628,
0.02264616513142175,0.02145948171227813,
0.02181119860862734,-0.0229314603985865,
0.02261108899269584,0.02143165087536137,
0.02161363127852772,-0.0225969827951857,
0.02257806519003763,0.02140491815024468,
0.02142240209897578,-0.02227534450910935,
0.02254825468495387,0.0213799681154902,
0.02123952855600363,-0.02197211901038382,
0.02252262135661461,0.02135728059745441,
0.02106461459672688,-0.02168944778999781,
0.02250192337651942,0.02133718248735265,
0.02089594024758532,-0.02142733976922518,
0.02248671718368658,0.02131991791166366,
0.0207317861689905,-0.0211852900974735,
0.0224773693616681,0.02130572154481075,
0.02057175968775656,-0.02096392089434262,
0.02247407187555701,0.02129487894169506,
0.02041787584211817,-0.02076633045225441,
0.02247685679236203,0.02128775971314909,
0.02027517436582488,-0.02059887269647822,
0.02248560759646721,0.02128481405961426,
0.02015172140793011,-0.02047117489881926,
0.02250006536984258,0.02128652995657494,
0.02005794514448708,-0.02039532837417572,
0.02251982933035582,0.02129335600589224,
0.02000537157815627,-0.02038433431996184,
0.022544352464787,0.021305602186125,
0.02000493973743525,-0.02045002885775792,
0.02257293424781851,0.02132333598871008,
0.02006516201802852,-0.02060082019216781,
0.02260471368116326,0.02134629355752706,
0.02019043717928677,-0.02083962385402714,
0.02263866700512517,0.02137382389845382,
0.02037981040907782,-0.0211623666632982,
0.02267361517409134,0.0214048792062131,
0.02062640781558736,-0.02155734724958394,
0.02270824617286059,0.02143805683912012,
0.02091766381683043,-0.02200560534821124,
0.02274115610765941,0.02147168996834787,
0.02123632994952993,-0.02248228897545104,
0.02277091055008938,0.02150397611802599,
0.02156212734910858,-0.02295884842484465,
0.02279612403139093,0.02153312713555367,
0.02187380571210484,-0.02340575773129875,
0.02281555150608715,0.02155752145983668,
0.02215131554839161,-0.02379538917741558,
0.02282818199000111,0.02157584004874545,
0.0223777949465525,-0.0241046544535255,
0.02283332245180025,0.02158717050372676,
0.02254111374091884,-0.02431707467515099,
0.02288373540128042,0.02163703392893961,
0.02302727821867363,-0.02504176416740291,
0.02287209623864236,0.02163264696963539,
0.02304403062704484,-0.02503147393317969,
0.02285200243667476,0.02162021597873081,
0.02298432252525239,-0.02490584271632809,
0.0228244422008864,0.02160064589159419,
0.02285740268742628,-0.02467865592831666,
0.02279075069424952,0.0215751453315297,
0.02267557352154553,-0.02436829101942727,
0.02275251216075535,0.02154511584329319,
0.02245265118327879,-0.02399561465758417,
0.02271145243734667,0.02151203792933011,
0.0222024598960676,-0.02358189552503241,
0.0226693338546825,0.02147736610105014,
0.02193754503455681,-0.02314698325126532,
0.02262786229146639,0.02144244379550713,
0.021668254538842,-0.02270795820462062,
0.02258861277692318,0.02140844632579697,
0.02140228719498245,-0.0222783887234395,
0.02255297636363,0.02137635612394242,
0.0211447429274293,-0.02186824767992383,
0.02252212772776325,0.02134696974152181,
0.02089863962214626,-0.02148444664854288,
0.02249701055099873,0.02132093101226098,
0.02066579047682196,-0.02113185351802758,
0.02247833636482702,0.0212987802777055,
0.02044787508138106,-0.02081458068385273,
0.02246659211839759,0.02128100652293294,
0.02024749722584596,-0.02053727960879053,
0.02246205203828124,0.02126808842402943,
0.02006901275324588,-0.02030616564841081,
0.02246479010462655,0.02126051209824133,
0.01991893787711702,-0.02012953190487398,
0.0224746904293699,0.02125875770348695,
0.01980581226409113,-0.02001759196458329,
0.02249145383762542,0.02126325332863791,
0.01973948414046801,-0.01998160868982502,
0.02251459998607268,0.02127430172496045,
0.01972989170337517,-0.02003240087109959,
0.02254346545677767,0.02129199192758725,
0.01978551631179068,-0.02017844674823163,
0.0225771995186612,0.02131611228450784,
0.01991175764012884,-0.02042389758645875,
0.02261476065203452,0.02134608277978181,
0.02010951255742293,-0.020766855042544,
0.02265491831477532,0.02138092237901975,
0.02037421955300304,-0.02119824245028629,
0.0226962654201916,0.02141926179556065,
0.02069556132329505,-0.02170151486182116,
0.0227372470940714,0.02145940465588437,
0.02105791241792122,-0.02225332101102851,
0.02277621002611241,0.02149943207315459,
0.02144149707405898,-0.02282507719387508,
0.02281147394785469,0.0215373387256482,
0.02182410799575849,-0.02338526725449587,
0.02284142273049626,0.02157118395345605,
0.02218315094727271,-0.02390217088128814,
0.02286460806683715,0.02159923978277209,
0.02249773680652483,-0.02434666274556053,
0.02287985477826626,0.02162011910657118,
0.02275054686881106,-0.02469472484937114,
0.02288635457977106,0.02163287085525857,
0.02292924386585216,-0.0249293692532814,
0.02293515704726993,0.02167953310847258,
0.02337795162574246,-0.0256035024188424,
0.02292170112961351,0.02167372374892284,
0.02338281192866092,-0.02557407833347038,
0.02289867084625026,0.02165886668581798,
0.02330140984842449,-0.02541451889243524,
0.02286718576367116,0.0216359127442116,
0.02314323275407614,-0.02513919604713868,
0.02282875344315974,0.02160613998722457,
0.02292101192767904,-0.02476740302135672,
0.02278516137338612,0.02157104978733568,
0.02264928549591801,-0.02432136037178371,
0.02273835836248178,0.02153225889867514,
0.0223429907647454,-0.02382422921709301,
0.0226903383582449,0.02149139798195151,
0.02201624781479888,-0.02329835535559539,
0.02264303725177526,0.02145002601184101,
0.0216814648723522,-0.02276392655023359,
0.02259824958038103,0.02140956789986251,
0.02134885152192765,-0.022238165031,
0.02255756807550923,0.02137127948150771,
0.02102637084230005,-0.02173510273177999,
0.02252234548090812,0.02133623996252382,
0.02072009988487709,-0.02126590404747099,
0.0224936755066089,0.02130536749241136,
0.02043490569938653,-0.02083961862110459,
0.02247238837267824,0.02127944947112271,
0.02017528995272459,-0.02046417613122829,
0.02245905603344821,0.02125917634689374,
0.0199462191999301,-0.02014738891853591,
0.02245400257255618,0.02124516679329093,
0.01975374954705073,-0.01989771807114583,
0.02245731607851393,0.0212379737210426,
0.01960527988104016,-0.01972459132591278,
0.02246885926627588,0.02123806455926437,
0.01950932712794568,-0.01963813641427305,
0.02248827705900114,0.02124577503717531,
0.01947480280124729,-0.01964830176174199,
0.02251500030020266,0.02126124221080235,
0.01950986806774856,-0.01976345972237208,
0.0225482458533722,0.02128432831236087,
0.01962053578636552,-0.01998870232261453,
0.02258701468823205,0.02131455078464633,
0.01980925308306032,-0.02032412183060472,
0.02263009114413011,0.0213510346155493,
0.02007372181662234,-0.02076339951773452,
0.02267604816628023,0.0213925004945673,
0.02040618974496987,-0.02129299684331481,
0.02272326445634211,0.02143729684446982,
0.02079337558581337,-0.02189215758400939,
0.02276995956961628,0.02148347659072018,
0.02121708958532085,-0.02253380280918589,
0.02281425153033711,0.02152891215627533,
0.02165549763915863,-0.02318625732050068,
0.0228542383767037,0.02157143612509244,
0.02208487359347184,-0.02381561351976056,
0.02288810056194192,0.02160899141026767,
0.02248161025903013,-0.02438844083078048,
0.02291421621880404,0.02163977404621227,
0.02282422694186645,-0.02487450175332538,
0.0229312771478308,0.02166235366619047,
0.02309512272499768,-0.02524914431505149,
0.02293839118041545,0.02167576057565203,
0.02328187423042981,-0.02549509906807069,
0.02298300842370175,0.02171749208098281,
0.02368140013118469,-0.02609780680531454,
0.02296724456714647,0.02170974513178302,
0.0236688503454735,-0.02604125912209111,
0.0229409724629114,0.02169211766025505,
0.02356175202900012,-0.02584211896098133,
0.02290545663768476,0.02166561938676165,
0.0233699899746557,-0.02551557064388054,
0.02286238214708556,0.02163160956649354,
0.02310690248882799,-0.02508205316949131,
0.02281373606841608,0.02159169852084464,
0.02278792655972054,-0.02456534917540325,
0.02276167795206561,0.02154764375437681,
0.02242925713972825,-0.02399066053682483,
0.02270841313982614,0.02150124968728856,
0.02204666462093321,-0.02338287359047855,
0.02265608025659608,0.02145427942038448,
0.02165458809704912,-0.02276518134724164,
0.02260666026708803,0.02140838544154884,
0.02126558439703074,-0.02215817802741325,
0.02256191021645516,0.02136506366244866,
0.02089016555634101,-0.02157947592882328,
0.02252332098945807,0.02132563174500357,
0.02053700306469828,-0.02104382075324668,
0.02249209569016471,0.0212912287359981,
0.02021342104879755,-0.02056360655352068,
0.02246914377034009,0.0212628292482116,
0.01992605044078153,-0.02014962586310773,
0.02245508570155718,0.02124126263746321,
0.01968148190130365,-0.0198118465247286,
0.02245026346194423,0.0212272266114266,
0.01948674622032745,-0.01955999560104,
0.02245475299906748,0.02122128597101516,
0.01934947332302455,-0.01940375969585768,
0.02246837582254924,0.02122385074923537,
0.01927763524877899,-0.0193524799643004,
0.02249070783481795,0.02123513331906687,
0.01927885764855428,-0.01941432008304469,
0.02252108447553589,0.02125509001757957,
0.0193593747195859,-0.01959499926638086,
0.02255860239997093,0.02128335811123059,
0.01952278596949976,-0.0198962876157671,
0.02260211937806936,0.02131920218614891,
0.01976883138018966,-0.02031453494130441,
0.02265025586092186,0.02136148437644482,
0.02009242030054792,-0.02083952914852729,
0.02270140341667263,0.02140867001676202,
0.02048312268601537,-0.02145394857887003,
0.02275374643695855,0.02145887487054136,
0.02092526301648879,-0.02213358864053386,
0.02280530350355518,0.0215099532320246,
0.02139866053530379,-0.02284842235767431,
0.02285399307837079,0.02155961943504448,
0.02187995372094359,-0.02356442058526215,
0.02289772464289615,0.02160559004012216,
0.02234435301426835,-0.02424593637773114,
0.02293451153518209,0.02164573117019261,
0.02276760126726861,-0.02485837157116353,
0.02296259651156471,0.02167819541703965,
0.02312789643487352,-0.02537080594760862,
0.02298057678162889,0.02170153508173687,
0.02340754704571597,-0.02575828363069078,
0.02298751312470886,0.021714782421895,
0.02359418104165065,-0.02600351058725535,
0.02302549693900886,0.02175001866260552,
0.02393403577866379,-0.02651582628972764,
0.02300700988661367,0.02173985557292493,
0.02389852064289775,-0.02642432331616149,
0.02297730800827657,0.02171917522740864,
0.02376193571488836,-0.02618050719966147,
0.02293780886331332,0.02168905893592631,
0.02353474074496967,-0.02580061098338399,
0.02289037263074863,0.0216509581683717,
0.02323107149203585,-0.02530644847159128,
0.02283717338115005,0.02160659983602726,
0.0228674414431865,-0.02472355464746524,
0.02278055934843712,0.02155788413348963,
0.02246143251388904,-0.02407928105094775,
0.02272291698158025,0.02150678294685649,
0.02203050675530522,-0.02340103537459103,
0.02266655073945042,0.02145524669660757,
0.02159105048192687,-0.02271482593695891,
0.02261358638301322,0.02140512655938428,
0.02115773144463704,-0.0220442277988213,
0.02256590093447991,0.02135811707921019,
0.0207432089633745,-0.0214098298366581,
0.0225250784249214,0.02131572123571743,
0.02035818799340758,-0.02082915462105614,
0.02249238765308404,0.02127923640309296,
0.02001175539495387,-0.02031697212628918,
0.02246877665302258,0.02124975594459759,
0.01971188782017188,-0.01988586417626356,
0.02245487827984663,0.02122817828142227,
0.01946598541622446,-0.01954685132533298,
0.02245102189635132,0.02121521397882131,
0.01928127366951132,-0.01930987925655877,
0.02245724713800523,0.02121138226895313,
0.01916493383005493,-0.01918398542383527,
0.02247331680811917,0.02121699155485711,
0.0191238713194039,-0.01917702907135527,
0.02249872697025248,0.02123210329689849,
0.01916410493321844,-0.01929496059556684,
0.02253271333165208,0.02125648422526136,
0.0192898442743225,-0.01954071291321003,
0.02257425423916383,0.02128955670617777,
0.01950240117280181,-0.01991289636540861,
0.0226220721860193,0.02133036002898317,
0.01979913510423292,-0.02040454776456078,
0.02267463760041565,0.02137753551308232,
0.02017264932515295,-0.02100220669834705,
0.02273018050700168,0.02142934548588408,
0.02061042807118471,-0.02168556096298184,
0.02278671681623717,0.02148373094180284,
0.02109503983429865,-0.02242782255214095,
0.02284209582217625,0.02153840624923777,
0.02160494041651746,-0.02319688138366621,
0.02289407348662809,0.02159098308477121,
0.022115810806236,-0.02395715853636352,
0.02294041221923055,0.02163911115984915,
0.02260227869001914,-0.02467196864397427,
0.02297900268056759,0.02168062109856708,
0.02303981472383221,-0.02530612286283719,
0.02300799771614871,0.0217136552001693,
0.02340657451749741,-0.02582847187046909,
0.02302594420792974,0.02173677432989493,
0.02368497503558268,-0.02621410478590913,
0.02303189661221419,0.02174903297786329,
0.02386284250982477,-0.02644597727300675,
0.02306101159595049,0.02177635486412787,
0.02413303275415682,-0.02685012791940807,
0.02303948462975491,0.02176336006032257,
0.02406934381007612,-0.02671651497823171,
0.02300629608072492,0.02173942597293516,
0.02390002376244309,-0.02642391543474211,
0.02296301815070216,0.02170571734845424,
0.02363629166420653,-0.02598984190020563,
0.02291167590684835,0.02166378759460054,
0.02329327039224217,-0.02543769464818779,
0.0228546090759747,0.02161548580209311,
0.02288871507365056,-0.02479491780133474,
0.02279432349588397,0.02156285373334483,
0.02244169662870386,-0.02409106911583359,
0.02273334775843512,0.02150802020922556,
0.02197136675197838,-0.02335598659046867,
0.02267410750901471,0.02145310072346374,
0.02149591667468786,-0.02261821444850015,
0.0226188253396452,0.02140010975541067,
0.02103181776391044,-0.0219038148497659,
0.02256944931282291,0.02135089180744707,
0.02059339654424031,-0.02123564040304585,
0.02252760886023957,0.02130707457223925,
0.02019275095359018,-0.02063307875538463,
0.02249459377315995,0.02127004410174673,
0.01983996265223275,-0.02011221045843188,
0.02247135047297123,0.02124093803478911,
0.01954350968682289,-0.01968625510404901,
0.02245848955734025,0.02122064972157351,
0.01931074501405416,-0.01936613112561905,
0.02245629933546762,0.02120983436019877,
0.01914828968392012,-0.01916093413995571,
0.02246476120564352,0.02120890867164827,
0.01906220224168626,-0.01907815578683238,
0.02248356391838285,0.02121803832647123,
0.01905782964123114,-0.01912352099700291,
0.0225121148659592,0.02123711182241754,
0.01913931377659763,-0.01930040878737395,
0.02254954762954929,0.02126570477019234,
0.01930880878999902,-0.01960892397820446,
0.02259472630332369,0.0213030432407069,
0.01956554037517825,-0.02004478332984871,
0.02264624875051248,0.02134797768609355,
0.01990489184008568,-0.02059824783923684,
0.02270245285623014,0.02139897912291641,
0.02031771941222808,-0.02125335672637888,
0.02276143164572626,0.02145416660288291,
0.02079007567476669,-0.02198769081977782,
0.02282106420320306,0.02151137008269941,
0.02130345906958224,-0.02277281792500125,
0.02287906896912283,0.02156822680436531,
0.02183562161282966,-0.02357546517737255,
0.02293308374963884,0.02162230360867096,
0.02236187425566129,-0.0243593450792593,
0.02298077265507457,0.02167123346215396,
0.02285674849462085,-0.02508745624130276,
0.02301995480769198,0.02171285262581071,
0.02329581904083686,-0.02572460625005166,
0.02304874414847251,0.02174532543525746,
0.02365747377198204,-0.0262398740192515,
0.02306568538623758,0.02176724611549613,
0.02392443380667034,-0.02660874409400404,
0.02306986926964285,0.0217777105794553,
0.02408487118751455,-0.0268146983409544,
0.02308817521453502,0.02179583672730829,
0.0242754205121972,-0.02709370282070117,
0.02306341032944302,0.02177968576564405,
0.02417914730852,-0.02691209561781304,
0.02302681859545509,0.02175240028047505,
0.02397478349143476,-0.02656809550020437,
0.02298012134839737,0.02171523870054799,
0.02367448211194873,-0.02608069894750844,
0.02292549046346968,0.0216698639717281,
0.02329452460227155,-0.02547506593913797,
0.0228654019635764,0.0216182500737896,
0.02285404330102746,-0.02478065370722792,
0.02280248057508169,0.02156257542475541,
0.02237365802357043,-0.0240292149267638,
0.02273935134844196,0.02150511052128674,
0.02187415403112037,-0.023252845648644,
0.02267851109463724,0.0214481081447038,
0.02137532187874265,-0.02248225605597447,
0.02262222752325097,0.02139370463133303,
0.02089506120537053,-0.02174540783187455,
0.02257246876594041,0.02134383962902804,
0.02044881865591142,-0.02106661477277693,
0.02253086147814238,0.02130019927216733,
0.02004938508707758,-0.02046614018636172,
0.02249867262737763,0.02126418404422242,
0.01970702305398138,-0.01996025178173437,
0.02247680862611587,0.02123689842174556,
0.01942984048395334,-0.01956162293139453,
0.02246582544315258,0.02121915566310675,
0.01922428152846464,-0.01927991213135645,
0.02246594424470372,0.02121148881877803,
0.01909558225225102,-0.01912232389835902,
0.02247706843099649,0.02121415893369879,
0.01904804543387257,-0.01909396393388487,
0.02249879924458097,0.0212271536967303,
0.01908502760721626,-0.0191978513894111,
0.02253044828845631,0.02125017402642654,
0.01920859717180623,-0.01943453440579455,
0.02257104640720653,0.02128261124370129,
0.01941890230654928,-0.01980135598153961,
0.02261934967556593,0.02132352222450824,
0.01971336428659343,-0.0202915143160081,
0.02267384486191465,0.02137161295655642,
0.020085867910933,-0.02089313317566453,
0.02273275860726931,0.02142524138033235,
0.02052614247769938,-0.02158858655544865,
0.02279407628773952,0.02148244809985903,
0.02101950818141666,-0.0223543002527115,
0.02285557747099227,0.02154101905975371,
0.02154710737144986,-0.02316118456933338,
0.02291489435809546,0.02159857871911866,
0.02208665966931069,-0.02397575125313691,
0.02296959718652244,0.02165270694708632,
0.02261369168831055,-0.02476185485549013,
0.02301730631145235,0.02170106899007466,
0.0231031141435947,-0.02548289643212335,
0.02305582522864008,0.02174154611066246,
0.02353096608309182,-0.026104254773689,
0.02308328329923732,0.02177235495166766,
0.02387612573586712,-0.02659567828393795,
0.02309827274433716,0.02179214586537477,
0.0241218001849996,-0.02693338104262442,
0.02309996278012864,0.02180007357017294,
0.02425664510824239,-0.02710163284321586,
0.02310589284799433,0.02180787225731897,
0.02435751419503085,-0.02723937611648799,
0.02307782665001713,0.02178835872563598,
0.024225506424276,-0.02700575659018654,
0.0230380592428235,0.02175774784210613,
0.02398513820251556,-0.02660973081954984,
0.02298844821477596,0.02171739945993631,
0.02364964266769413,-0.02607193352706607,
0.02293128682707511,0.02166909055886032,
0.02323659337436703,-0.02541939630198528,
0.02286915125544086,0.02161491887124134,
0.02276658730414638,-0.02468362030572408,
0.02280474065582768,0.0215571899557205,
0.02226179548150447,-0.02389845865331781,
0.02274072652638997,0.02149829550412492,
0.02174451643687158,-0.02309800404532691,
0.02267962413712379,0.02144059225783727,
0.02123586814149205,-0.02231467360357901,
0.02262369359378053,0.02138629154450061,
0.02075474056559056,-0.02157765932139334,
0.02257487263969361,0.02133736858854515,
0.02031710086358416,-0.02091186723541186,
0.02253473869050199,0.02129549817719215,
0.01993569633541192,-0.02033740293853398,
0.02250449455852934,0.02126201922460652,
0.01962014112488379,-0.01986958200011151,
0.0224849710536121,0.02123792600541268,
0.01937731016845242,-0.0195193630560968,
0.02247663987189896,0.02122387939877638,
0.01921191057046837,-0.01929403404704373,
0.0224796313421984,0.02122022852583535,
0.0191270691314236,-0.01919794363423463,
0.02249375308888081,0.02122703252372272,
0.01912477476888251,-0.01923307137716783,
0.02251850706597903,0.02124407415849016,
0.01920604921370939,-0.01939927510651753,
0.02255310358408082,0.02127086111769681,
0.01937078367216,-0.01969413553911331,
0.02259647201983157,0.02130661610181577,
0.01961726048624701,-0.02011242079298384,
0.02264726911784511,0.02135026186662305,
0.01994145958809837,-0.02064529531269305,
0.02270388733723875,0.0214004108153182,
0.02033631139513244,-0.02127947615711331,
0.02276446747848789,0.02145536968694111,
0.02079108632399798,-0.0219965766739036,
0.02282692145186363,0.02151316810767047,
0.02129109953880774,-0.02277286451930086,
0.02288897187935177,0.02157161576477665,
0.02181786044144333,-0.02357960033353361,
0.02294821459573745,0.02162838778582538,
0.02234972081792407,-0.02438402820919275,
0.02300220761985647,0.0216811328401186,
0.02286299001809831,-0.02515097947846593,
0.02304858587928583,0.02172759465638932,
0.0233334077605555,-0.02584494931333173,
0.02308519554954088,0.02176573575251325,
0.0237378096403978,-0.02643242991859305,
0.02311023645453693,0.02179385229983211,
0.0240557953853719,-0.02688424621793506,
0.02312239691367213,0.02181067077635405,
0.02427121614226719,-0.02717764251734531,
0.02312096388149165,0.02181541967329685,
0.02437332891758023,-0.02729790619336886,
0.02311339724532615,0.02181194380489665,
0.02437479898701625,-0.02727976451589672,
0.02308211067786473,0.02178900175355087,
0.02420557717649847,-0.02699249987902801,
0.02303953580576212,0.02175523112794628,
0.02392994567432435,-0.0265462356131569,
0.02298764646561134,0.02171209749223008,
0.02356231630472312,-0.02596332666979795,
0.02292882556248019,0.02166149223771394,
0.02312163135074989,-0.02527270542771311,
0.02286570822071175,0.02160563091668743,
0.02262997440974216,-0.02450785663735293,
0.02280102010916998,0.02154693138568983,
0.02211099909020211,-0.02370454405195356,
0.02273742749059906,0.02148788050952894,
0.02158832535687061,-0.02289850250219149,
0.02267741148842198,0.02143090037716636,
0.02108406079401236,-0.02212331392256999,
0.02262317354579038,0.02137822598905391,
0.0206175943404932,-0.0214086666021767,
0.0225765734036697,0.02133180556340879,
0.02020477960292273,-0.02077915104266421,
0.02253909631226406,0.02129323172356504,
0.01985757361374037,-0.02025367484601602,
0.02251184332435701,0.0212637071655092,
0.01958412993761975,-0.01984549049491011,
0.02249553753835827,0.02124404281493874,
0.01938927269557587,-0.01956273707477657,
0.02249053969706046,0.02123468119733506,
0.01927521436101874,-0.01940931711270579,
0.02249686795580106,0.02123573404781636,
0.01924233950560104,-0.01938588004932111,
0.02251421825428099,0.02124702204552952,
0.01928986998919599,-0.01949067723830756,
0.02254198312754863,0.02126810630898831,
0.0194162584691571,-0.01972009419212306,
0.02257926787008339,0.0212983055153284,
0.01961922191473636,-0.02006874795724592,
0.02262490390037516,0.02133669812425104,
0.01989541219258618,-0.02052914500000479,
0.02267746025329202,0.02138211474309156,
0.02023980842637789,-0.02109100522543739,
0.02273525554587237,0.02143312974603882,
0.02064498636228499,-0.02174044683082833,
0.02279637444158248,0.02148806286942779,
0.0211004577687542,-0.02245927515719829,
0.02285869417749274,0.02154500034198007,
0.02159226993909043,-0.02322461623315643,
0.02291992748490217,0.02160184160115116,
0.02210301304866831,-0.02400908344555421,
0.02297768757676431,0.02165637278531003,
0.02261231159918137,-0.02478157566725365,
0.02302957839830306,0.02170636321111496,
0.02309779145231689,-0.02550869663747005,
0.02307330912214212,0.0217496770626694,
0.02353643360756246,-0.02615668031804773,
0.02310682656659697,0.02178439023996746,
0.0239061648073304,-0.02669362452971652,
0.02312845394674601,0.02180890190045846,
0.02418750228803928,-0.02709178791656795,
0.02313702045402374,0.02182203134477738,
0.02436506747670339,-0.02732969722771961,
0.0231319647553708,0.02182309291298606,
0.02442880682081054,-0.02739383918158597,
0.02311029051248081,0.02180763677744637,
0.02432230709514604,-0.02720782676429114,
0.0230760107239677,0.0217813557629057,
0.02411636251284243,-0.02686803676732731,
0.02303112599721,0.02174473927480632,
0.0238081486625226,-0.02637599596084727,
0.02297770010371724,0.02169935853127766,
0.02341329105050815,-0.02575577092181532,
0.02291816905753587,0.02164721469541926,
0.0229521046037107,-0.02503812478670406,
0.02285518278348706,0.02159062964567049,
0.02244810273029516,-0.02425836192799209,
0.02279144461588085,0.02153211290871161,
0.02192627326311055,-0.02345386551263941,
0.02272956494227787,0.02147421498518709,
0.02141129184209464,-0.02266156715411096,
0.02267194090107222,0.02141938007475625,
0.02092585734827111,-0.02191560040345552,
0.02262066827111391,0.02136981246719916,
0.02048932664854821,-0.02124537323485782,
0.0225774859712953,0.02132736990294136,
0.02011679307949422,-0.02067424572890678,
0.02254374911283532,0.02129349376983712,
0.01981869501077884,-0.02021891979923294,
0.02252042398991722,0.02126918047989982,
0.01960096360599283,-0.01988954678524465,
0.02250809779805027,0.02125499177221962,
0.01946563452847638,-0.01969045133384104,
0.02250699675213198,0.021251095437293,
0.01941177273092293,-0.01962127568728335,
0.02251700789411188,0.02125732351079349,
0.01943650889061213,-0.01967828676931557,
0.02253770153797724,0.02127323342065637,
0.01953597293755057,-0.01985557393023592,
0.02256835258670573,0.0212981592689308,
0.01970593942001641,-0.02014590338064238,
0.02260795983178562,0.02133124494169803,
0.0199420667204904,-0.02054108039555646,
0.02265526306103744,0.02137145690884363,
0.0202397040410415,-0.02103178576993444,
0.02270875869860708,0.02141758085312851,
0.02059333729266571,-0.02160697495266923,
0.02276671599507014,0.0214682111408246,
0.02099582678259377,-0.02225303116546336,
0.02282719739386756,0.02152174453298834,
0.02143763868765716,-0.0229529262136079,
0.02288808821023526,0.02157638904436218,
0.02190627913264701,-0.02368565235637963,
0.02294714153232861,0.0216301958314381,
0.02238610430040487,-0.02442614498252185,
0.02300204364728593,0.02168111735652229,
0.02285861157582771,-0.0251458296888845,
0.02305050291861348,0.02172709002848373,
0.02330323084459941,-0.0258138175850709,
0.0230903609746131,0.02176613518597107,
0.02369854952665366,-0.026398661377983,
0.0231197199420845,0.02179646942583357,
0.02402383543192154,-0.02687049219806982,
0.02313707436632297,0.0218166141443049,
0.02426067841705633,-0.02720329730417569,
0.02314143269122095,0.02182549453165306,
0.02439455862687183,-0.02737707771928649,
0.0231324118731752,0.02182251962230612,
0.02441616312131669,-0.02737964065440786,
0.0230965788794493,0.02179469206682791,
0.02419544300884041,-0.02701794682878705,
0.02305967207685009,0.02176532257518269,
0.02395537923557035,-0.02662965969746936,
0.02301308485126374,0.02172632115736274,
0.02361927758991097,-0.02609902465719398,
0.02295893965710694,0.02167935958507336,
0.02320393774016231,-0.02545170971668963,
0.02289968624609967,0.02162653849991484,
0.02273096859330881,-0.02472013085651267,
0.02283794462473957,0.02157026863558498,
0.02222517080659274,-0.02394114021779846,
0.02277634859771128,0.02151312474813269,
0.02171263612568447,-0.02315334988221115,
0.0227174056509065,0.02145768443455822,
0.02121876024391647,-0.02239436219114333,
0.02266338421254104,0.02140636730489372,
0.02076638575741592,-0.02169819696394388,
0.02261623340882785,0.02136129133406614,
0.02037428527583386,-0.0210931902411023,
0.02257753478291233,0.02132416189527792,
0.02005615749763389,-0.02060058477572186,
0.02254848126492978,0.02129620475796409,
0.01982024189115833,-0.02023394211647166,
0.02252987656087554,0.02127814774400122,
0.01966956804229164,-0.01999939015340664,
0.02252214798022399,0.02127024799013288,
0.01960275766083276,-0.01989659601148536,
0.02252536693047884,0.02127235449972469,
0.01961520873157202,-0.01992024418810901,
0.02253927304067337,0.02128399051610633,
0.01970043060340805,-0.02006172570420551,
0.02256329942921054,0.02130443839036819,
0.01985127985837644,-0.02031072222566106,
0.02259659765632421,0.0213328114364927,
0.02006087534259581,-0.02065640615526693,
0.02263806145975946,0.02136810225652702,
0.02032304236104525,-0.02108806789036458,
0.02268634881090548,0.02140920391779919,
0.02063223670278319,-0.02159510746229327,
0.0227399025488377,0.02145490751177121,
0.02098300824924845,-0.02216646426899047,
0.02279697107271148,0.02150388539905701,
0.02136915896296964,-0.02278967788453441,
0.02285563219183876,0.02155467266841663,
0.02178281197162961,-0.0234498512367138,
0.02291382480206608,0.02160565952582286,
0.02221362584031723,-0.02412881026178025,
0.0229693939198767,0.02165510474500313,
0.02264835949555756,-0.02480471905422658,
0.02302015411700162,0.02170117581210142,
0.02307092684060654,-0.02545232607189555,
0.02306397417570333,0.02174201615232175,
0.02346299118156473,-0.02604390368283733,
0.02309888190538521,0.02177583497932204,
0.02380505645891639,-0.02655082297760605,
0.02312318313642898,0.02180101169624362,
0.02407793185977927,-0.02694559994546708,
0.02313558399664087,0.02181620477640536,
0.02426439073981394,-0.02720417401743961,
0.02313530194365188,0.02182045458125975,
0.02435081940580523,-0.02730814398387446,
0.02312214980134628,0.02181327024237719,
0.02432865538417811,-0.02724668986682985,
0.02307269543997023,0.02177307548999908,
0.02399113557640564,-0.02670739211587042,
0.023033650414785,0.0217410234503158,
0.02372162298143724,-0.02627745394487657,
0.02298605023813329,0.0217002328658504,
0.02336422297177725,-0.02571792254041898,
0.02293204169623891,0.02165246552561815,
0.02293679145347525,-0.0250558538594843,
0.0228740483131398,0.02159990536677228,
0.02246206781994645,-0.02432503207337282,
0.02281461733381563,0.02154502860040629,
0.02196591260520472,-0.02356348298652901,
0.02275626992891276,0.02149044347853999,
0.02147521477237556,-0.0228105694147058,
0.02270136950106038,0.02143871423335063,
0.02101569578658901,-0.02210397618684769,
0.02265201802545447,0.02139218741066846,
0.02060986232367547,-0.02147691756480247,
0.02260998441914624,0.02135284010932255,
0.02027535221865474,-0.02095588318096396,
0.02257666352486987,0.0213221677403549,
0.02002387471307733,-0.02055917656968883,
0.02255306056515873,0.0213011237114097,
0.01986086793384365,-0.02029639677616999,
0.02253979434193275,0.02129011562613965,
0.01978589300167905,-0.02016888071730608,
0.02253711277468719,0.02128905361689417,
0.01979367130946073,-0.02017098206274362,
0.02254491582898771,0.02129743816833999,
0.01987556966024104,-0.0202919361216807,
0.02256278258910931,0.02131446904011759,
0.02002126738295396,-0.02051797386983876,
0.02259000050064106,0.02133915490480075,
0.02022031562256919,-0.02083432009162021,
0.02262559541518315,0.02137040544335554,
0.02046332815999943,-0.02122674811067856,
0.02266836121475336,0.02140709327722635,
0.02074262079801999,-0.02168246096410965,
0.02271688794118661,0.02144808087734461,
0.02105222761639876,-0.0221902077940274,
0.02276958795777238,0.02149221569205966,
0.02138734511655849,-0.02273969751070316,
0.02282472093031629,0.02153830345218532,
0.02174336507390496,-0.02332050936366323,
0.02288042016609452,0.02158507367349016,
0.02211473263264981,-0.02392079559439272,
0.02293472458408385,0.02163115221781736,
0.02249389443428585,-0.02452610783739171,
0.02298562161563726,0.02167505357596247,
0.02287057930280281,-0.02511865196354208,
0.02303110600332135,0.02171520109315052,
0.02323158847020173,-0.02567719396900177,
0.02306925740897185,0.02174997781169025,
0.02356117866797031,-0.02617772067234256,
0.0230983360464783,0.02177780512732844,
0.02384201866670272,-0.02659482702657253,
0.02311689082195166,0.0217972419733749,
0.02405660646016399,-0.02690368027432418,
0.02312386972524464,0.0218070942741466,
0.02418896440495034,-0.02708231869309921,
0.0231187187057765,0.02180652302428451,
0.02422639100770937,-0.02711399043422422,
0.02310145409318409,0.02179513930679015,
0.0241610419495695,-0.02698922896122884,
0.02303950468049448,0.021743054171178,
0.02370913446462307,-0.02627791268571631,
0.02299890775420815,0.02170886433552666,
0.02341667188761895,-0.02581564483810855,
0.02295103239201548,0.02166699172952529,
0.02304614291055011,-0.02523897368430621,
0.02289801440562436,0.02161927220496133,
0.02261626743094126,-0.02457603489580202,
0.0228422128612139,0.02156795119058907,
0.02215067323993866,-0.02386160116701579,
0.0227860635835753,0.0215155417358623,
0.02167597803432807,-0.02313441157931235,
0.02273193819273506,0.02146464968771909,
0.02121949848189646,-0.02243403483797785,
0.02268202240769629,0.02141778318631447,
0.02080684696323864,-0.02179761419291313,
0.02263822228375376,0.02137716763007123,
0.02045970495969738,-0.02125687135279914,
0.02260210125574331,0.02134458829396571,
0.02019405255181012,-0.02083572730635271,
0.02257484586243478,0.02132128011587645,
0.02001908204881148,-0.02054882648288882,
0.0225572548857988,0.02130787779838798,
0.01993693326974937,-0.02040113224589967,
0.02254974565890933,0.02130443023289307,
0.01994326950184867,-0.02038861087208792,
0.02255237204205846,0.02131047304845945,
0.0200285850540145,-0.02049986074121109,
0.02256485014468838,0.02132514391703334,
0.02018002025160141,-0.02071840093185555,
0.02258658935309074,0.02134731905189283,
0.02038337992219665,-0.02102523550205117,
0.02261672702195251,0.02137574739547899,
0.02062502359811689,-0.02140127639504633,
0.02265416523295118,0.02140916159623309,
0.02089332676008747,-0.02182924738840997,
0.02269760770077824,0.02144635128598208,
0.02117949759901643,-0.02229479778085053,
0.02274559480402277,0.02148619286219788,
0.02147765698445114,-0.0227867080318258,
0.02279653531891857,0.02152763904938366,
0.02178422681969737,-0.0232962411578669,
0.02284873488393759,0.02156967914596597,
0.02209679733739849,-0.02381585074206233,
0.0229004232528076,0.02161128571721764,
0.02241273381918569,-0.02433756983088913,
0.02294978439855728,0.02165136493455949,
0.02272782228800782,-0.02485145517994716,
0.02299499476873482,0.02168872589519764,
0.02303523723794406,-0.02534444180096376,
0.02303427481594399,0.02172207981242504,
0.02332504875806846,-0.02579988075092293,
0.02306595700364608,0.02175007405420146,
0.02358438659830727,-0.02619790693503173,
0.02308856993285813,0.02177135982495418,
0.02379826478387164,-0.02651663816469409,
0.0231009336594986,0.02178468685532956,
0.02395096253489202,-0.02673406749933424,
0.0231022566850582,0.02178901445168254,
0.02402777197343043,-0.02683039958444893,
0.0230922217043685,0.02178362591256804,
0.02401687064735673,-0.02679051244699423,
0.02307104606582629,0.0217682325568548,
0.02391106071429051,-0.02660620471768515,
