-0.0423178,-0.0333522,-0.0389641,-0.0295739,-0.0330337,-0.0345904,-0.0365197,-0.0281045,-0.0293427,-0.0305697,-0.0392771,-0.02874,-0.0311332,-0.0340931,-0.0372234,-0.0420581,-0.0406755,-0.0363065,-0.0397207,-0.0394121,-0.0264205,-0.0350959,-0.0401975,-0.0422528,-0.0421725,-0.0361051,-0.0338251,-0.0332393,-0.0327838,-0.032703,-0.0394066,-0.0318609,-0.0350205,-0.0364921,-0.0412849,-0.0326952,-0.0299857,-0.0296739,-0.0339993,-0.0372547,-0.02845,-0.0308819,-0.0270314,-0.0275792,-0.0337113,-0.039804,-0.0348534,-0.0382916,-0.0286841,-0.0387014,-0.0300445,-0.0289971,-0.0262623,-0.0262065,-0.0326381,-0.0358874,-0.0378069,-0.0373264,-0.0290557,-0.0418943,-0.0361352,-0.0406541,-0.0316451,-0.0412997,-0.0421748,-0.0277027,-0.0376566,-0.037703,-0.0329905,-0.0314311,-0.029098,-0.0308848,-0.0345156,-0.0387695,-0.0306148,-0.0347591,-0.0349144,-0.0271552,-0.0306038,-0.0403828,-0.0328243,-0.035995,-0.0307518,-0.0326761,-0.0332212,-0.0363533,-0.0396499,-0.0384537,-0.0354004,-0.0296694,-0.0340403,-0.0263926,-0.0304917,-0.0365911,-0.0393613,-0.031948,-0.0344128,-0.0411681,-0.0312992,-0.0342221,-2.03242,
-0.0390321,-0.030129,-0.0357018,-0.0263771,-0.0298127,-0.0313586,-0.0332744,-0.0249179,-0.0261474,-0.0273659,-0.0360125,-0.0255489,-0.0279255,-0.0308647,-0.0339732,-0.0387741,-0.0374012,-0.0330627,-0.0364531,-0.0361466,-0.0232457,-0.0318606,-0.0369265,-0.0389675,-0.0388877,-0.0328626,-0.0305986,-0.0300169,-0.0295645,-0.0294843,-0.0361411,-0.0286481,-0.0317856,-0.033247,-0.0380063,-0.0294766,-0.026786,-0.0264763,-0.0307716,-0.0340043,-0.025261,-0.027676,-0.0238523,-0.0243962,-0.0304856,-0.0365358,-0.0316197,-0.0350339,-0.0254935,-0.0354408,-0.0268444,-0.0258043,-0.0230885,-0.0230331,-0.0294199,-0.0326465,-0.0345527,-0.0340755,-0.0258625,-0.0386115,-0.0328926,-0.03738,-0.0284338,-0.0380211,-0.03889,-0.0245189,-0.0344034,-0.0344495,-0.0297698,-0.0282213,-0.0259044,-0.0276788,-0.0312843,-0.0355085,-0.0274107,-0.0315261,-0.0316803,-0.0239752,-0.0273997,-0.0371105,-0.0296048,-0.0327533,-0.0275467,-0.0294576,-0.0299989,-0.0331092,-0.0363828,-0.0351949,-0.0321629,-0.0264719,-0.0308123,-0.0232179,-0.0272884,-0.0333453,-0.0360962,-0.0287346,-0.0311822,-0.0378904,-0.0280903,-0.0309928,-1.68242,
-0.0384877,-0.0296467,-0.0351806,-0.025921,-0.0293326,-0.0308677,-0.0327702,-0.024472,-0.0256929,-0.0269028,-0.0354892,-0.0250986,-0.0274586,-0.0303773,-0.0334641,-0.0382315,-0.0368681,-0.0325599,-0.0359267,-0.0356224,-0.0228114,-0.0313662,-0.0363968,-0.0384236,-0.0383443,-0.0323613,-0.030113,-0.0295354,-0.0290862,-0.0290065,-0.0356169,-0.0281761,-0.0312918,-0.0327429,-0.0374691,-0.0289989,-0.026327,-0.0260195,-0.0302848,-0.033495,-0.0248127,-0.0272108,-0.0234138,-0.0239539,-0.0300008,-0.0360088,-0.031127,-0.0345174,-0.0250435,-0.0349215,-0.026385,-0.0253522,-0.0226554,-0.0226003,-0.0289426,-0.0321466,-0.0340395,-0.0335657,-0.02541,-0.0380701,-0.032391,-0.0368471,-0.0279634,-0.0374837,-0.0383466,-0.0240758,-0.0338913,-0.033937,-0.02929,-0.0277523,-0.0254516,-0.0272136,-0.0307939,-0.0349887,-0.0269474,-0.0310341,-0.0311871,-0.0235359,-0.0269365,-0.0365795,-0.0291262,-0.0322528,-0.0270824,-0.02898,-0.0295175,-0.0326061,-0.0358568,-0.0346773,-0.0316665,-0.0260151,-0.0303253,-0.0227839,-0.026826,-0.0328406,-0.0355723,-0.028262,-0.0306925,-0.037354,-0.0276222,-0.0305045,-1.33242,
-0.0322561,-0.0234768,-0.0289721,-0.0197771,-0.0231649,-0.0246893,-0.0265785,-0.0183382,-0.0195506,-0.0207521,-0.0292786,-0.0189605,-0.021304,-0.0242024,-0.0272676,-0.0320018,-0.0306479,-0.0263698,-0.029713,-0.0294108,-0.0166892,-0.0251843,-0.0301799,-0.0321925,-0.0321138,-0.0261725,-0.0239399,-0.0233663,-0.0229202,-0.0228411,-0.0294054,-0.0220165,-0.0251105,-0.0265515,-0.0312447,-0.0228335,-0.0201803,-0.019875,-0.0241105,-0.0272983,-0.0186765,-0.0210579,-0.0172874,-0.0178238,-0.0238285,-0.0297945,-0.0249469,-0.0283136,-0.0189058,-0.0287148,-0.0202379,-0.0192123,-0.0165343,-0.0164796,-0.0227776,-0.0259593,-0.027839,-0.0273685,-0.0192697,-0.0318415,-0.026202,-0.030627,-0.0218053,-0.0312592,-0.0321161,-0.0179448,-0.0276918,-0.0277373,-0.0231227,-0.0215956,-0.019311,-0.0210607,-0.024616,-0.0287816,-0.0207963,-0.0248545,-0.0250065,-0.0174086,-0.0207855,-0.0303613,-0.0229599,-0.0260647,-0.0209305,-0.0228148,-0.0233486,-0.0264156,-0.0296437,-0.0284723,-0.0254825,-0.0198706,-0.0241507,-0.0166619,-0.0206758,-0.0266485,-0.0293611,-0.0221018,-0.0245154,-0.0311304,-0.0214665,-0.0243286,-0.98242,
-0.0125986,-0.00388056,-0.00933754,-0.000206648,-0.00357086,-0.00508462,-0.00696063,0.0012222,1.82484e-005,-0.00117488,-0.00964185,0.000604294,-0.00172291,-0.00460103,-0.00764489,-0.0123461,-0.0110016,-0.00675331,-0.0100732,-0.00977317,0.00285969,-0.00557617,-0.0105369,-0.0125354,-0.0124573,-0.00655743,-0.00434043,-0.00377083,-0.00332784,-0.00324931,-0.00976778,-0.00243044,-0.0055028,-0.00693377,-0.0115942,-0.00324176,-0.000607046,-0.000303847,-0.0045098,-0.00767538,0.000886259,-0.00147854,0.00226567,0.00173303,-0.00422977,-0.0101542,-0.00534035,-0.00868358,0.000658577,-0.00908204,-0.000664217,0.000354236,0.00301355,0.00306782,-0.00318624,-0.00634577,-0.00821233,-0.00774508,0.000297233,-0.0121869,-0.00658677,-0.0109809,-0.00222065,-0.0116087,-0.0124595,0.00161289,-0.00806615,-0.00811127,-0.00352887,-0.00201251,0.000256181,-0.00148132,-0.00501183,-0.0091483,-0.00121878,-0.00524865,-0.00539961,0.0021453,-0.00120804,-0.010717,-0.00336729,-0.0064504,-0.00135195,-0.00322311,-0.00375319,-0.00679882,-0.0100044,-0.00884124,-0.00587226,-0.000299503,-0.00454972,0.00288684,-0.00109907,-0.00703007,-0.00972377,-0.00251514,-0.00491188,-0.0114807,-0.00188424,-0.00472644,-0.63242,
0.0265957,0.0352529,0.029834,0.0389012,0.0355605,0.0340573,0.0321944,0.0403201,0.0391246,0.0379398,0.0295318,0.0397065,0.0373955,0.0345375,0.0315149,0.0268465,0.0281815,0.0324002,0.0291035,0.0294014,0.0419462,0.0335692,0.0286431,0.0266584,0.026736,0.0325948,0.0347963,0.0353619,0.0358018,0.0358798,0.0294068,0.036693,0.033642,0.032221,0.0275931,0.0358873,0.0385036,0.0388047,0.0346281,0.0314846,0.0399865,0.0376382,0.0413563,0.0408274,0.0349062,0.0290231,0.0338033,0.0304834,0.0397604,0.0300877,0.0384469,0.0394582,0.042099,0.0421529,0.0359424,0.0328049,0.0309514,0.0314154,0.0394016,0.0270046,0.0325656,0.0282021,0.0369013,0.0275788,0.0267338,0.0407081,0.0310966,0.0310517,0.0356022,0.037108,0.0393608,0.0376354,0.0341296,0.0300219,0.0378962,0.0338944,0.0337445,0.0412368,0.0379068,0.0284642,0.0357626,0.032701,0.0377639,0.0359058,0.0353794,0.032355,0.0291718,0.0303269,0.0332751,0.038809,0.0345885,0.0419731,0.038015,0.0321254,0.0294505,0.0366088,0.0342288,0.0277058,0.0372353,0.034413,-0.28242,
0.0890687,0.0976655,0.0922844,0.101288,0.0979709,0.0964782,0.0946283,0.102697,0.10151,0.100334,0.0919844,0.102088,0.0997932,0.0969551,0.0939536,0.0893177,0.0906435,0.0948327,0.091559,0.0918549,0.104312,0.0959935,0.0911018,0.089131,0.0892081,0.0950259,0.0972121,0.0977738,0.0982106,0.098288,0.0918602,0.0990955,0.0960659,0.0946548,0.0900591,0.0982955,0.100894,0.101193,0.0970451,0.0939235,0.102366,0.100034,0.103726,0.103201,0.0973212,0.0914791,0.0962261,0.0929293,0.102142,0.0925364,0.100837,0.101841,0.104464,0.104517,0.0983502,0.0952346,0.093394,0.0938548,0.101785,0.0894747,0.094997,0.0906639,0.0993024,0.0900449,0.0892058,0.103083,0.0935382,0.0934937,0.0980124,0.0995076,0.101745,0.100031,0.09655,0.092471,0.10029,0.0963165,0.0961676,0.103608,0.100301,0.0909241,0.0981717,0.0951314,0.100159,0.0983139,0.0977912,0.0947879,0.0916269,0.0927738,0.0957015,0.101197,0.0970057,0.104339,0.100408,0.0945598,0.0919036,0.099012,0.0966486,0.0901711,0.0996341,0.0968314,0.0675796,
0.17574,0.184276,0.178933,0.187874,0.18458,0.183097,0.18126,0.189273,0.188094,0.186926,0.178635,0.188668,0.186389,0.183571,0.18059,0.175987,0.177303,0.181463,0.178212,0.178506,0.190877,0.182616,0.177758,0.175801,0.175878,0.181655,0.183826,0.184384,0.184818,0.184895,0.178512,0.185696,0.182688,0.181287,0.176723,0.184902,0.187482,0.187779,0.18366,0.18056,0.188944,0.186629,0.190295,0.189773,0.183934,0.178133,0.182847,0.179573,0.188721,0.179183,0.187426,0.188423,0.191027,0.19108,0.184956,0.181862,0.180035,0.180492,0.188367,0.176143,0.181626,0.177324,0.185902,0.176709,0.175876,0.189656,0.180178,0.180134,0.184621,0.186106,0.188327,0.186626,0.183169,0.179118,0.186883,0.182937,0.182789,0.190177,0.186893,0.177582,0.184779,0.18176,0.186752,0.18492,0.184401,0.181419,0.17828,0.179419,0.182326,0.187783,0.183621,0.190903,0.187,0.181192,0.178555,0.185613,0.183267,0.176834,0.186231,0.183448,0.41758,
0.284593,0.293071,0.287764,0.296643,0.293372,0.2919,0.290076,0.298032,0.296862,0.295702,0.287468,0.297432,0.295169,0.29237,0.28941,0.284839,0.286146,0.290277,0.287049,0.287341,0.299625,0.291422,0.286598,0.284655,0.284731,0.290468,0.292623,0.293177,0.293608,0.293684,0.287346,0.294481,0.291493,0.290102,0.28557,0.293692,0.296254,0.296549,0.292459,0.289381,0.297706,0.295406,0.299047,0.298529,0.292731,0.28697,0.291651,0.2884,0.297484,0.288013,0.296198,0.297188,0.299774,0.299827,0.293746,0.290673,0.288858,0.289313,0.297133,0.284994,0.290439,0.286166,0.294685,0.285556,0.284729,0.298412,0.289001,0.288957,0.293413,0.294887,0.297093,0.295404,0.291971,0.287948,0.295659,0.29174,0.291594,0.29893,0.295669,0.286423,0.29357,0.290572,0.295529,0.29371,0.293194,0.290233,0.287116,0.288247,0.291134,0.296553,0.29242,0.299651,0.295775,0.290008,0.287389,0.294398,0.292068,0.28568,0.295012,0.292248,0.76758,
0.410925,0.419343,0.414074,0.422891,0.419642,0.418181,0.416369,0.424271,0.423108,0.421956,0.41378,0.423674,0.421427,0.418648,0.415708,0.411169,0.412467,0.416569,0.413364,0.413653,0.425852,0.417706,0.412916,0.410986,0.411062,0.416758,0.418899,0.419449,0.419877,0.419953,0.413659,0.420744,0.417777,0.416395,0.411895,0.41996,0.422504,0.422797,0.418736,0.415679,0.423946,0.421663,0.425278,0.424764,0.419006,0.413285,0.417934,0.414705,0.423726,0.414321,0.422449,0.423432,0.426,0.426053,0.420014,0.416963,0.415161,0.415612,0.423377,0.411323,0.41673,0.412487,0.420946,0.411881,0.411059,0.424648,0.415302,0.415258,0.419683,0.421147,0.423338,0.42166,0.418251,0.414257,0.421914,0.418022,0.417876,0.425162,0.421924,0.412742,0.419839,0.416862,0.421785,0.419978,0.419466,0.416525,0.41343,0.414553,0.41742,0.422801,0.418697,0.425878,0.422029,0.416302,0.413701,0.420662,0.418347,0.412005,0.421271,0.418527,1.11758,
0.547911,0.55627,0.551038,0.559793,0.556567,0.555116,0.553317,0.561163,0.560009,0.558865,0.550746,0.560571,0.558339,0.555579,0.552661,0.548153,0.549442,0.553516,0.550332,0.55062,0.562733,0.554644,0.549888,0.547971,0.548046,0.553704,0.555829,0.556376,0.5568,0.556876,0.550625,0.557661,0.554715,0.553343,0.548874,0.556883,0.559409,0.5597,0.555667,0.552632,0.560841,0.558574,0.562164,0.561653,0.555935,0.550255,0.554871,0.551665,0.560623,0.551283,0.559354,0.560331,0.562881,0.562933,0.556936,0.553907,0.552117,0.552565,0.560276,0.548306,0.553675,0.549462,0.557862,0.54886,0.548044,0.561538,0.552257,0.552214,0.556608,0.558062,0.560237,0.558571,0.555186,0.551219,0.558823,0.554959,0.554814,0.562048,0.558833,0.549715,0.556762,0.553806,0.558695,0.556901,0.556392,0.553472,0.550398,0.551514,0.554361,0.559704,0.555629,0.562759,0.558937,0.55325,0.550667,0.55758,0.555281,0.548983,0.558185,0.555459,1.46758,
0.687435,0.695736,0.69054,0.699234,0.696031,0.694589,0.692803,0.700594,0.699448,0.698312,0.69025,0.700006,0.69779,0.69505,0.692151,0.687675,0.688955,0.693,0.689839,0.690125,0.702154,0.694121,0.689398,0.687495,0.687569,0.693187,0.695298,0.69584,0.696262,0.696337,0.69013,0.697116,0.694191,0.692829,0.688391,0.696344,0.698853,0.699141,0.695137,0.692122,0.700275,0.698023,0.701588,0.701081,0.695403,0.689762,0.694346,0.691162,0.700058,0.690783,0.698798,0.699768,0.7023,0.702352,0.696397,0.693388,0.691611,0.692056,0.699714,0.687827,0.693159,0.688975,0.697316,0.688377,0.687567,0.700966,0.69175,0.691707,0.696071,0.697514,0.699675,0.69802,0.694659,0.69072,0.69827,0.694433,0.694289,0.701473,0.69828,0.689226,0.696224,0.693289,0.698143,0.696362,0.695857,0.692957,0.689905,0.691012,0.693839,0.699146,0.695099,0.70218,0.698384,0.692737,0.690172,0.697036,0.694754,0.688499,0.697637,0.69493,1.81758,
0.821072,0.829316,0.824156,0.832789,0.829608,0.828177,0.826403,0.83414,0.833002,0.831874,0.823868,0.833556,0.831356,0.828634,0.825756,0.821311,0.822582,0.826599,0.82346,0.823744,0.835689,0.827712,0.823022,0.821132,0.821206,0.826785,0.828881,0.829419,0.829838,0.829913,0.823749,0.830687,0.827782,0.826429,0.822022,0.82992,0.832411,0.832698,0.828721,0.825727,0.833823,0.831587,0.835127,0.834623,0.828985,0.823384,0.827935,0.824774,0.833608,0.824397,0.832357,0.83332,0.835834,0.835886,0.829972,0.826985,0.82522,0.825662,0.833266,0.821462,0.826757,0.822602,0.830885,0.822008,0.821204,0.83451,0.825358,0.825315,0.829648,0.831082,0.833227,0.831584,0.828246,0.824335,0.831832,0.828022,0.827879,0.835013,0.831843,0.822852,0.829801,0.826886,0.831707,0.829937,0.829436,0.826556,0.823525,0.824625,0.827432,0.832702,0.828683,0.835714,0.831946,0.826338,0.823791,0.830607,0.82834,0.822129,0.831203,0.828516,2.16758,
0.941114,0.9493,0.944176,0.95275,0.949591,0.948169,0.946408,0.954091,0.952961,0.95184,0.94389,0.953511,0.951326,0.948623,0.945765,0.941351,0.942614,0.946603,0.943485,0.943767,0.955629,0.947708,0.94305,0.941174,0.941247,0.946787,0.948868,0.949403,0.949819,0.949893,0.943772,0.950662,0.947777,0.946433,0.942057,0.9499,0.952374,0.952658,0.948709,0.945737,0.953776,0.951555,0.955071,0.954571,0.948972,0.943409,0.947929,0.94479,0.953562,0.944416,0.95232,0.953276,0.955773,0.955824,0.949952,0.946985,0.945233,0.945671,0.953223,0.941501,0.946759,0.942633,0.950858,0.942044,0.941245,0.954458,0.94537,0.945328,0.94963,0.951054,0.953184,0.951553,0.948238,0.944354,0.951799,0.948015,0.947874,0.954958,0.951809,0.942881,0.949782,0.946887,0.951674,0.949917,0.94942,0.94656,0.94355,0.944642,0.94743,0.952662,0.948672,0.955654,0.951912,0.946343,0.943813,0.950582,0.948332,0.942164,0.951174,0.948506,2.51758,
1.0415,1.04963,1.04454,1.05305,1.04992,1.0485,1.04676,1.05438,1.05326,1.05215,1.04426,1.05381,1.05164,1.04896,1.04612,1.04173,1.04299,1.04695,1.04385,1.04413,1.05591,1.04805,1.04342,1.04156,1.04163,1.04713,1.0492,1.04973,1.05014,1.05022,1.04414,1.05098,1.04811,1.04678,1.04243,1.05022,1.05268,1.05296,1.04904,1.04609,1.05407,1.05187,1.05536,1.05486,1.0493,1.04378,1.04827,1.04515,1.05386,1.04478,1.05263,1.05358,1.05605,1.05611,1.05027,1.04733,1.04559,1.04602,1.05352,1.04188,1.0471,1.04301,1.05117,1.04242,1.04163,1.05475,1.04572,1.04568,1.04995,1.05137,1.05348,1.05186,1.04857,1.04472,1.05211,1.04835,1.04821,1.05525,1.05212,1.04325,1.05011,1.04723,1.05198,1.05024,1.04975,1.04691,1.04392,1.045,1.04777,1.05297,1.049,1.05594,1.05222,1.04669,1.04418,1.0509,1.04867,1.04254,1.05149,1.04884,2.86758,
1.11855,1.12662,1.12157,1.13002,1.12691,1.1255,1.12377,1.13134,1.13023,1.12912,1.12128,1.13077,1.12862,1.12595,1.12313,1.11878,1.12003,1.12396,1.12088,1.12116,1.13286,1.12505,1.12046,1.11861,1.11868,1.12414,1.12619,1.12672,1.12713,1.1272,1.12117,1.12796,1.12512,1.12379,1.11948,1.12721,1.12965,1.12993,1.12604,1.12311,1.13103,1.12884,1.13231,1.13182,1.1263,1.12081,1.12527,1.12217,1.13082,1.1218,1.1296,1.13054,1.133,1.13305,1.12726,1.12434,1.12261,1.12304,1.13049,1.11893,1.12411,1.12004,1.12816,1.11946,1.11868,1.13171,1.12274,1.1227,1.12694,1.12835,1.13045,1.12884,1.12557,1.12174,1.12908,1.12535,1.12521,1.1322,1.12909,1.12029,1.12709,1.12424,1.12896,1.12723,1.12674,1.12392,1.12095,1.12203,1.12477,1.12993,1.126,1.13288,1.12919,1.1237,1.12121,1.12788,1.12566,1.11958,1.12847,1.12584,-3.06561,
1.17141,1.17943,1.17441,1.1828,1.17971,1.17832,1.17659,1.18412,1.18301,1.18191,1.17413,1.18355,1.18141,1.17876,1.17597,1.17164,1.17288,1.17679,1.17373,1.17401,1.18562,1.17787,1.17331,1.17147,1.17154,1.17697,1.179,1.17953,1.17993,1.18001,1.17401,1.18076,1.17793,1.17662,1.17233,1.18001,1.18244,1.18272,1.17885,1.17594,1.18381,1.18164,1.18508,1.18459,1.17911,1.17366,1.17808,1.17501,1.1836,1.17464,1.18238,1.18332,1.18577,1.18582,1.18006,1.17716,1.17544,1.17587,1.18327,1.17179,1.17694,1.1729,1.18095,1.17232,1.17154,1.18448,1.17558,1.17554,1.17975,1.18114,1.18323,1.18163,1.17839,1.17458,1.18187,1.17817,1.17803,1.18497,1.18188,1.17314,1.1799,1.17706,1.18175,1.18003,1.17954,1.17674,1.1738,1.17487,1.1776,1.18272,1.17881,1.18565,1.18198,1.17653,1.17405,1.18068,1.17848,1.17244,1.18126,1.17865,-2.71561,
1.20217,1.21013,1.20515,1.21349,1.21042,1.20903,1.20732,1.21479,1.21369,1.2126,1.20487,1.21423,1.2121,1.20948,1.2067,1.20241,1.20363,1.20751,1.20448,1.20475,1.21629,1.20859,1.20406,1.20223,1.2023,1.20769,1.20971,1.21023,1.21064,1.21071,1.20476,1.21146,1.20865,1.20735,1.20309,1.21072,1.21312,1.2134,1.20956,1.20667,1.21449,1.21233,1.21575,1.21526,1.20982,1.20441,1.2088,1.20575,1.21428,1.20539,1.21307,1.214,1.21643,1.21648,1.21077,1.20788,1.20618,1.20661,1.21395,1.20255,1.20766,1.20365,1.21165,1.20308,1.2023,1.21515,1.20631,1.20627,1.21046,1.21184,1.21391,1.21232,1.2091,1.20532,1.21256,1.20889,1.20875,1.21564,1.21257,1.20389,1.2106,1.20779,1.21244,1.21073,1.21025,1.20747,1.20454,1.20561,1.20832,1.2134,1.20952,1.21631,1.21267,1.20726,1.2048,1.21138,1.20919,1.2032,1.21196,1.20936,-2.36561,
1.2156,1.22351,1.21856,1.22684,1.22379,1.22241,1.22071,1.22813,1.22704,1.22596,1.21828,1.22757,1.22546,1.22285,1.22009,1.21583,1.21705,1.2209,1.21789,1.21816,1.22962,1.22197,1.21747,1.21566,1.21573,1.22108,1.22309,1.22361,1.22401,1.22408,1.21817,1.22482,1.22203,1.22074,1.21651,1.22408,1.22647,1.22675,1.22294,1.22007,1.22783,1.22568,1.22908,1.2286,1.22319,1.21782,1.22218,1.21915,1.22762,1.21879,1.22642,1.22735,1.22976,1.22981,1.22414,1.22127,1.21958,1.22,1.22729,1.21597,1.22105,1.21707,1.22501,1.2165,1.21573,1.22849,1.21971,1.21967,1.22382,1.2252,1.22726,1.22568,1.22248,1.21873,1.22592,1.22227,1.22213,1.22897,1.22593,1.21731,1.22397,1.22118,1.2258,1.2241,1.22362,1.22086,1.21795,1.21901,1.2217,1.22675,1.2229,1.22964,1.22603,1.22065,1.21821,1.22474,1.22257,1.21662,1.22532,1.22274,-2.01561,
1.21856,1.22641,1.22149,1.22971,1.22669,1.22532,1.22363,1.231,1.22992,1.22884,1.22122,1.23044,1.22835,1.22576,1.22302,1.21878,1.21999,1.22382,1.22083,1.2211,1.23247,1.22488,1.22041,1.21861,1.21868,1.224,1.22599,1.22651,1.2269,1.22697,1.22111,1.22771,1.22495,1.22366,1.21946,1.22698,1.22935,1.22963,1.22584,1.22299,1.2307,1.22857,1.23194,1.23146,1.22609,1.22076,1.22509,1.22208,1.23049,1.22172,1.2293,1.23022,1.23261,1.23266,1.22703,1.22419,1.22251,1.22293,1.23017,1.21893,1.22397,1.22001,1.2279,1.21945,1.21868,1.23135,1.22264,1.2226,1.22672,1.22809,1.23013,1.22857,1.22539,1.22166,1.2288,1.22517,1.22504,1.23183,1.22881,1.22025,1.22687,1.22409,1.22868,1.227,1.22652,1.22378,1.22089,1.22194,1.22461,1.22963,1.2258,1.2325,1.22891,1.22357,1.22115,1.22764,1.22548,1.21956,1.2282,1.22564,-1.66561,
1.21918,1.22697,1.22209,1.23026,1.22725,1.22589,1.22422,1.23153,1.23046,1.22939,1.22182,1.23098,1.2289,1.22633,1.22361,1.2194,1.2206,1.2244,1.22143,1.2217,1.233,1.22546,1.22102,1.21923,1.2193,1.22458,1.22656,1.22707,1.22747,1.22754,1.22171,1.22827,1.22552,1.22424,1.22008,1.22754,1.2299,1.23017,1.22641,1.22358,1.23123,1.22912,1.23247,1.23199,1.22666,1.22136,1.22567,1.22268,1.23103,1.22232,1.22985,1.23076,1.23314,1.23318,1.22759,1.22477,1.2231,1.22352,1.23071,1.21955,1.22455,1.22062,1.22846,1.22006,1.2193,1.23188,1.22323,1.22319,1.22729,1.22864,1.23067,1.22912,1.22596,1.22226,1.22935,1.22575,1.22561,1.23236,1.22936,1.22086,1.22743,1.22467,1.22923,1.22756,1.22709,1.22436,1.2215,1.22254,1.22519,1.23017,1.22637,1.23302,1.22946,1.22416,1.22175,1.22819,1.22605,1.22018,1.22876,1.22622,-1.31561,
1.22588,1.23362,1.22878,1.23688,1.23389,1.23255,1.23089,1.23815,1.23708,1.23602,1.2285,1.2376,1.23554,1.23298,1.23028,1.2261,1.2273,1.23107,1.22812,1.22839,1.2396,1.23211,1.22771,1.22594,1.22601,1.23124,1.23321,1.23372,1.23411,1.23418,1.22839,1.23491,1.23218,1.23091,1.22677,1.23419,1.23653,1.2368,1.23306,1.23025,1.23785,1.23575,1.23908,1.2386,1.23331,1.22805,1.23232,1.22936,1.23765,1.229,1.23648,1.23738,1.23974,1.23979,1.23424,1.23143,1.22977,1.23019,1.23733,1.22625,1.23122,1.22732,1.23509,1.22676,1.226,1.2385,1.2299,1.22986,1.23393,1.23528,1.23729,1.23575,1.23262,1.22894,1.23598,1.23241,1.23227,1.23897,1.23599,1.22755,1.23408,1.23134,1.23586,1.2342,1.23373,1.23103,1.22818,1.22922,1.23185,1.2368,1.23303,1.23963,1.23609,1.23082,1.22843,1.23483,1.2327,1.22687,1.23539,1.23287,-0.965606,
1.24635,1.25403,1.24922,1.25727,1.25431,1.25297,1.25132,1.25853,1.25747,1.25642,1.24895,1.25799,1.25593,1.2534,1.25071,1.24657,1.24775,1.2515,1.24857,1.24884,1.25997,1.25254,1.24816,1.2464,1.24647,1.25167,1.25363,1.25413,1.25452,1.25459,1.24884,1.25531,1.2526,1.25134,1.24723,1.2546,1.25692,1.25719,1.25348,1.25069,1.25823,1.25615,1.25945,1.25898,1.25372,1.2485,1.25275,1.2498,1.25803,1.24945,1.25687,1.25777,1.26011,1.26016,1.25464,1.25186,1.25021,1.25063,1.25772,1.24671,1.25165,1.24777,1.2555,1.24722,1.24647,1.25888,1.25034,1.2503,1.25434,1.25568,1.25768,1.25615,1.25303,1.24939,1.25638,1.25283,1.25269,1.25934,1.25639,1.24801,1.25448,1.25177,1.25626,1.25461,1.25414,1.25146,1.24863,1.24966,1.25228,1.25719,1.25344,1.26,1.25648,1.25126,1.24888,1.25524,1.25312,1.24733,1.25579,1.25329,-0.615606,
1.28659,1.29422,1.28944,1.29744,1.29449,1.29317,1.29152,1.29869,1.29763,1.29659,1.28918,1.29815,1.29611,1.29359,1.29093,1.28681,1.28799,1.29171,1.2888,1.28906,1.30012,1.29274,1.28839,1.28664,1.28671,1.29188,1.29382,1.29432,1.2947,1.29477,1.28907,1.29549,1.2928,1.29155,1.28747,1.29478,1.29709,1.29735,1.29367,1.2909,1.29839,1.29632,1.2996,1.29914,1.29391,1.28873,1.29294,1.29002,1.29819,1.28967,1.29704,1.29793,1.30026,1.3003,1.29483,1.29206,1.29043,1.29084,1.29788,1.28695,1.29185,1.288,1.29567,1.28745,1.28671,1.29903,1.29056,1.29052,1.29453,1.29586,1.29784,1.29632,1.29323,1.28961,1.29655,1.29302,1.29289,1.2995,1.29656,1.28824,1.29467,1.29197,1.29643,1.2948,1.29433,1.29167,1.28886,1.28988,1.29248,1.29736,1.29363,1.30015,1.29666,1.29146,1.28911,1.29542,1.29332,1.28757,1.29597,1.29348,-0.265606,
1.35022,1.3578,1.35306,1.36099,1.35807,1.35675,1.35512,1.36224,1.36119,1.36015,1.35279,1.3617,1.35967,1.35717,1.35453,1.35044,1.35161,1.3553,1.35242,1.35268,1.36366,1.35633,1.35201,1.35027,1.35034,1.35547,1.3574,1.35789,1.35828,1.35835,1.35268,1.35906,1.35639,1.35514,1.35109,1.35835,1.36064,1.36091,1.35725,1.3545,1.36194,1.35989,1.36314,1.36268,1.3575,1.35235,1.35653,1.35362,1.36175,1.35328,1.3606,1.36148,1.36379,1.36384,1.3584,1.35566,1.35403,1.35444,1.36143,1.35058,1.35545,1.35163,1.35924,1.35108,1.35034,1.36257,1.35416,1.35412,1.3581,1.35942,1.3614,1.35988,1.35682,1.35322,1.36011,1.35661,1.35648,1.36304,1.36012,1.35186,1.35825,1.35557,1.36,1.35837,1.35791,1.35526,1.35248,1.35349,1.35607,1.36091,1.35722,1.36368,1.36022,1.35506,1.35272,1.35899,1.3569,1.35119,1.35953,1.35706,0.0843943,
1.43802,1.44555,1.44083,1.44872,1.44581,1.44451,1.44289,1.44995,1.44891,1.44788,1.44057,1.44942,1.44741,1.44492,1.4423,1.43824,1.4394,1.44307,1.4402,1.44046,1.45136,1.44408,1.4398,1.43807,1.43814,1.44323,1.44515,1.44564,1.44602,1.44609,1.44046,1.4468,1.44415,1.44291,1.43889,1.4461,1.44837,1.44863,1.445,1.44227,1.44966,1.44762,1.45085,1.45039,1.44524,1.44013,1.44429,1.4414,1.44946,1.44106,1.44832,1.4492,1.4515,1.45154,1.44615,1.44342,1.44181,1.44221,1.44915,1.43837,1.44321,1.43942,1.44698,1.43887,1.43814,1.45029,1.44193,1.44189,1.44585,1.44716,1.44912,1.44762,1.44457,1.441,1.44784,1.44436,1.44423,1.45075,1.44785,1.43964,1.44599,1.44333,1.44773,1.44611,1.44566,1.44303,1.44026,1.44126,1.44383,1.44864,1.44497,1.45139,1.44795,1.44283,1.4405,1.44672,1.44466,1.43898,1.44727,1.44482,0.434394,
1.54783,1.55531,1.55063,1.55846,1.55557,1.55428,1.55267,1.55968,1.55865,1.55763,1.55037,1.55915,1.55716,1.55469,1.55208,1.54805,1.5492,1.55284,1.55,1.55026,1.56109,1.55385,1.5496,1.54789,1.54795,1.55301,1.55491,1.5554,1.55578,1.55585,1.55026,1.55655,1.55392,1.55269,1.54869,1.55586,1.55811,1.55837,1.55477,1.55205,1.55939,1.55737,1.56058,1.56012,1.55501,1.54993,1.55406,1.55119,1.5592,1.55085,1.55806,1.55894,1.56122,1.56126,1.5559,1.55319,1.55159,1.55199,1.55889,1.54819,1.55299,1.54922,1.55673,1.54868,1.54795,1.56002,1.55172,1.55168,1.55561,1.55691,1.55885,1.55736,1.55434,1.55079,1.55759,1.55413,1.55401,1.56047,1.5576,1.54945,1.55575,1.5531,1.55748,1.55587,1.55542,1.55281,1.55006,1.55105,1.5536,1.55838,1.55473,1.56111,1.55769,1.55261,1.5503,1.55648,1.55442,1.54879,1.55702,1.55458,0.784394,
1.67484,1.68226,1.67762,1.68539,1.68253,1.68124,1.67964,1.68661,1.68558,1.68457,1.67736,1.68608,1.6841,1.68165,1.67906,1.67506,1.6762,1.67982,1.67699,1.67725,1.688,1.68082,1.6766,1.67489,1.67496,1.67998,1.68187,1.68236,1.68273,1.6828,1.67725,1.6835,1.68088,1.67966,1.6757,1.68281,1.68505,1.68531,1.68173,1.67903,1.68632,1.68431,1.68749,1.68704,1.68197,1.67692,1.68102,1.67817,1.68613,1.67783,1.685,1.68587,1.68813,1.68818,1.68285,1.68016,1.67858,1.67897,1.68582,1.67519,1.67996,1.67622,1.68368,1.67568,1.67496,1.68694,1.6787,1.67866,1.68256,1.68385,1.68578,1.68431,1.6813,1.67778,1.68453,1.6811,1.68097,1.68739,1.68454,1.67644,1.6827,1.68008,1.68442,1.68282,1.68237,1.67978,1.67705,1.67804,1.68057,1.68531,1.68169,1.68802,1.68463,1.67958,1.67729,1.68343,1.68138,1.67579,1.68396,1.68154,1.13439,
1.81213,1.8195,1.81489,1.82261,1.81977,1.81849,1.8169,1.82382,1.8228,1.82179,1.81463,1.8233,1.82133,1.8189,1.81632,1.81235,1.81348,1.81708,1.81427,1.81452,1.8252,1.81807,1.81388,1.81219,1.81225,1.81724,1.81912,1.8196,1.81997,1.82004,1.81453,1.82073,1.81813,1.81692,1.81298,1.82004,1.82227,1.82253,1.81897,1.8163,1.82353,1.82154,1.8247,1.82425,1.81921,1.8142,1.81827,1.81544,1.82334,1.81511,1.82222,1.82308,1.82533,1.82538,1.82009,1.81742,1.81584,1.81624,1.82304,1.81248,1.81722,1.8135,1.82091,1.81297,1.81225,1.82415,1.81597,1.81593,1.8198,1.82108,1.823,1.82153,1.81855,1.81505,1.82175,1.81835,1.81822,1.8246,1.82176,1.81373,1.81994,1.81733,1.82164,1.82006,1.81961,1.81704,1.81433,1.81531,1.81782,1.82253,1.81894,1.82523,1.82186,1.81684,1.81457,1.82066,1.81863,1.81308,1.82119,1.81879,1.48439,
1.95156,1.95888,1.9543,1.96196,1.95914,1.95787,1.95629,1.96316,1.96215,1.96115,1.95404,1.96264,1.96069,1.95827,1.95572,1.95177,1.9529,1.95647,1.95368,1.95393,1.96454,1.95746,1.95329,1.95161,1.95168,1.95663,1.95849,1.95897,1.95934,1.95941,1.95394,1.9601,1.95752,1.95632,1.9524,1.95942,1.96163,1.96188,1.95835,1.95569,1.96288,1.9609,1.96404,1.96359,1.95859,1.95361,1.95765,1.95485,1.96269,1.95451,1.96158,1.96243,1.96467,1.96471,1.95946,1.95681,1.95524,1.95563,1.96239,1.95191,1.95661,1.95292,1.96027,1.95239,1.95168,1.96349,1.95537,1.95533,1.95917,1.96045,1.96235,1.96089,1.95793,1.95446,1.96111,1.95773,1.9576,1.96394,1.96112,1.95314,1.95931,1.95672,1.961,1.95943,1.95899,1.95643,1.95374,1.95471,1.95721,1.96189,1.95832,1.96456,1.96121,1.95624,1.95397,1.96003,1.95801,1.9525,1.96055,1.95817,1.83439,
2.08471,2.09197,2.08742,2.09504,2.09223,2.09097,2.08941,2.09623,2.09522,2.09423,2.08717,2.09571,2.09377,2.09137,2.08884,2.08492,2.08604,2.08958,2.08681,2.08706,2.09759,2.09056,2.08642,2.08476,2.08482,2.08974,2.09159,2.09206,2.09243,2.0925,2.08707,2.09318,2.09062,2.08943,2.08554,2.09251,2.0947,2.09495,2.09145,2.08881,2.09595,2.09398,2.0971,2.09665,2.09168,2.08674,2.09076,2.08797,2.09576,2.08764,2.09465,2.0955,2.09772,2.09777,2.09255,2.08992,2.08836,2.08875,2.09546,2.08505,2.08972,2.08605,2.09336,2.08553,2.08482,2.09655,2.08848,2.08845,2.09227,2.09353,2.09542,2.09397,2.09103,2.08758,2.09419,2.09083,2.09071,2.097,2.0942,2.08627,2.0924,2.08983,2.09408,2.09252,2.09208,2.08954,2.08687,2.08784,2.09031,2.09496,2.09142,2.09761,2.09429,2.08935,2.0871,2.09311,2.09111,2.08564,2.09364,2.09127,2.18439,
2.20392,2.21114,2.20662,2.21418,2.21139,2.21014,2.20859,2.21536,2.21436,2.21338,2.20637,2.21485,2.21292,2.21054,2.20802,2.20413,2.20524,2.20876,2.20601,2.20626,2.21672,2.20973,2.20563,2.20397,2.20404,2.20892,2.21076,2.21123,2.21159,2.21166,2.20626,2.21234,2.20979,2.20861,2.20475,2.21166,2.21385,2.2141,2.21061,2.20799,2.21508,2.21312,2.21622,2.21578,2.21085,2.20594,2.20993,2.20716,2.21489,2.20683,2.2138,2.21464,2.21684,2.21689,2.21171,2.2091,2.20755,2.20794,2.21459,2.20426,2.2089,2.20526,2.21251,2.20474,2.20403,2.21568,2.20767,2.20763,2.21143,2.21268,2.21456,2.21312,2.2102,2.20678,2.21334,2.21,2.20988,2.21612,2.21335,2.20548,2.21156,2.20901,2.21323,2.21168,2.21124,2.20872,2.20607,2.20703,2.20949,2.2141,2.21058,2.21674,2.21344,2.20853,2.2063,2.21227,2.21028,2.20484,2.21279,2.21044,2.53439,
2.30324,2.31041,2.30592,2.31343,2.31066,2.30942,2.30787,2.3146,2.31361,2.31263,2.30567,2.31409,2.31218,2.30981,2.30731,2.30345,2.30455,2.30804,2.30531,2.30556,2.31595,2.30901,2.30493,2.30329,2.30335,2.3082,2.31003,2.3105,2.31086,2.31092,2.30557,2.3116,2.30907,2.3079,2.30406,2.31093,2.3131,2.31335,2.30989,2.30729,2.31432,2.31238,2.31546,2.31502,2.31012,2.30525,2.30921,2.30646,2.31414,2.30613,2.31305,2.31389,2.31607,2.31612,2.31098,2.30838,2.30684,2.30723,2.31384,2.30358,2.30818,2.30457,2.31177,2.30405,2.30335,2.31492,2.30696,2.30693,2.31069,2.31194,2.31381,2.31238,2.30948,2.30608,2.31259,2.30928,2.30916,2.31536,2.3126,2.30479,2.31083,2.30829,2.31248,2.31095,2.31051,2.30801,2.30537,2.30633,2.30877,2.31335,2.30986,2.31597,2.31269,2.30782,2.3056,2.31153,2.30956,2.30416,2.31205,2.30971,2.88439,
2.37912,2.38623,2.38178,2.38923,2.38648,2.38525,2.38372,2.3904,2.38941,2.38844,2.38153,2.38989,2.38799,2.38564,2.38316,2.37932,2.38042,2.38389,2.38118,2.38142,2.39173,2.38485,2.3808,2.37917,2.37923,2.38405,2.38586,2.38632,2.38668,2.38675,2.38143,2.38742,2.38491,2.38374,2.37994,2.38675,2.3889,2.38915,2.38572,2.38313,2.39012,2.38819,2.39125,2.39081,2.38595,2.38111,2.38504,2.38231,2.38994,2.38199,2.38886,2.38969,2.39186,2.3919,2.3868,2.38422,2.3827,2.38308,2.38964,2.37945,2.38402,2.38044,2.38759,2.37992,2.37923,2.39072,2.38282,2.38278,2.38652,2.38776,2.38961,2.38819,2.38531,2.38193,2.3884,2.38511,2.38499,2.39115,2.38841,2.38065,2.38665,2.38413,2.3883,2.38677,2.38634,2.38385,2.38123,2.38218,2.38461,2.38915,2.38569,2.39176,2.3885,2.38366,2.38146,2.38735,2.38539,2.38003,2.38786,2.38554,-3.04879,
2.43084,2.43791,2.43348,2.44089,2.43816,2.43693,2.43541,2.44204,2.44107,2.4401,2.43324,2.44154,2.43966,2.43732,2.43486,2.43105,2.43214,2.43558,2.43289,2.43313,2.44337,2.43653,2.43251,2.43089,2.43096,2.43574,2.43754,2.438,2.43836,2.43842,2.43314,2.43908,2.43659,2.43543,2.43166,2.43843,2.44056,2.44081,2.4374,2.43483,2.44177,2.43985,2.44289,2.44246,2.43762,2.43282,2.43672,2.43401,2.44159,2.43369,2.44051,2.44134,2.4435,2.44354,2.43847,2.43591,2.4344,2.43478,2.44129,2.43117,2.43571,2.43215,2.43925,2.43164,2.43095,2.44236,2.43452,2.43448,2.43819,2.43942,2.44126,2.43985,2.43699,2.43364,2.44007,2.4368,2.43668,2.44279,2.44007,2.43237,2.43832,2.43582,2.43996,2.43844,2.43801,2.43554,2.43294,2.43389,2.43629,2.44081,2.43737,2.44339,2.44016,2.43535,2.43317,2.43901,2.43707,2.43175,2.43953,2.43722,-2.69879,
2.46064,2.46766,2.46326,2.47061,2.4679,2.46669,2.46518,2.47176,2.47079,2.46983,2.46302,2.47127,2.46939,2.46708,2.46463,2.46084,2.46192,2.46534,2.46267,2.46291,2.47308,2.46629,2.4623,2.46069,2.46075,2.4655,2.46728,2.46774,2.4681,2.46816,2.46292,2.46882,2.46635,2.4652,2.46145,2.46817,2.47029,2.47053,2.46715,2.4646,2.47149,2.46959,2.4726,2.47217,2.46737,2.46261,2.46648,2.46379,2.47131,2.46347,2.47024,2.47106,2.4732,2.47325,2.46821,2.46567,2.46417,2.46454,2.47102,2.46097,2.46548,2.46194,2.46899,2.46143,2.46075,2.47208,2.46429,2.46425,2.46794,2.46916,2.47098,2.46959,2.46674,2.46341,2.4698,2.46655,2.46643,2.47251,2.46981,2.46215,2.46807,2.46559,2.46969,2.46818,2.46776,2.46531,2.46273,2.46366,2.46605,2.47054,2.46712,2.4731,2.46989,2.46512,2.46295,2.46875,2.46682,2.46154,2.46926,2.46697,-2.34879,
2.47338,2.48035,2.47599,2.48329,2.4806,2.47939,2.47789,2.48443,2.48347,2.48252,2.47575,2.48394,2.48208,2.47978,2.47734,2.47359,2.47466,2.47806,2.4754,2.47564,2.48574,2.479,2.47503,2.47344,2.4735,2.47821,2.47999,2.48044,2.4808,2.48086,2.47565,2.48151,2.47906,2.47791,2.47419,2.48086,2.48297,2.48321,2.47985,2.47732,2.48416,2.48227,2.48527,2.48484,2.48007,2.47534,2.47919,2.47651,2.48398,2.4762,2.48292,2.48374,2.48586,2.48591,2.48091,2.47838,2.47689,2.47726,2.48369,2.47371,2.47819,2.47468,2.48168,2.47418,2.4735,2.48474,2.47701,2.47697,2.48063,2.48185,2.48366,2.48227,2.47945,2.47614,2.48248,2.47926,2.47914,2.48517,2.48249,2.47489,2.48076,2.4783,2.48237,2.48088,2.48046,2.47802,2.47546,2.47639,2.47876,2.48322,2.47982,2.48576,2.48258,2.47784,2.47568,2.48144,2.47953,2.47428,2.48195,2.47968,-1.99879,
2.47603,2.48295,2.47862,2.48587,2.4832,2.48199,2.48051,2.487,2.48604,2.4851,2.47838,2.48651,2.48466,2.48238,2.47996,2.47623,2.4773,2.48067,2.47803,2.47827,2.4883,2.4816,2.47767,2.47608,2.47614,2.48083,2.48259,2.48304,2.48339,2.48345,2.47828,2.4841,2.48166,2.48053,2.47683,2.48346,2.48555,2.48579,2.48245,2.47994,2.48673,2.48486,2.48783,2.48741,2.48267,2.47797,2.48179,2.47914,2.48655,2.47882,2.4855,2.48631,2.48842,2.48847,2.4835,2.48099,2.47951,2.47988,2.48627,2.47636,2.4808,2.47731,2.48427,2.47682,2.47614,2.48731,2.47963,2.47959,2.48323,2.48443,2.48623,2.48485,2.48205,2.47877,2.48506,2.48186,2.48174,2.48773,2.48507,2.47752,2.48336,2.48091,2.48496,2.48347,2.48305,2.48063,2.47809,2.47901,2.48137,2.48579,2.48242,2.48832,2.48516,2.48045,2.47831,2.48403,2.48213,2.47692,2.48453,2.48228,-1.64879,
2.47675,2.48362,2.47932,2.48651,2.48386,2.48267,2.48119,2.48764,2.48669,2.48575,2.47908,2.48715,2.48532,2.48305,2.48065,2.47695,2.47801,2.48135,2.47874,2.47897,2.48893,2.48228,2.47837,2.4768,2.47686,2.48151,2.48326,2.4837,2.48405,2.48412,2.47898,2.48476,2.48234,2.48121,2.47754,2.48412,2.4862,2.48644,2.48312,2.48063,2.48738,2.48551,2.48846,2.48804,2.48334,2.47867,2.48247,2.47983,2.4872,2.47952,2.48615,2.48696,2.48905,2.48909,2.48417,2.48167,2.4802,2.48057,2.48691,2.47707,2.48148,2.47802,2.48493,2.47753,2.47686,2.48795,2.48032,2.48028,2.4839,2.48509,2.48688,2.48551,2.48273,2.47947,2.48572,2.48254,2.48242,2.48837,2.48572,2.47823,2.48402,2.48159,2.48561,2.48414,2.48372,2.48132,2.47879,2.47971,2.48205,2.48644,2.48309,2.48895,2.48581,2.48114,2.47901,2.48469,2.48281,2.47763,2.48519,2.48295,-1.29879,
2.48394,2.49076,2.48649,2.49364,2.491,2.48982,2.48835,2.49476,2.49381,2.49288,2.48625,2.49427,2.49245,2.4902,2.48782,2.48414,2.48519,2.48851,2.48592,2.48615,2.49604,2.48944,2.48555,2.48399,2.48405,2.48867,2.4904,2.49085,2.4912,2.49126,2.48615,2.4919,2.48949,2.48837,2.48473,2.49126,2.49332,2.49356,2.49027,2.48779,2.49449,2.49264,2.49557,2.49516,2.49049,2.48585,2.48962,2.487,2.49432,2.48669,2.49328,2.49408,2.49616,2.4962,2.49131,2.48883,2.48737,2.48774,2.49403,2.48426,2.48864,2.48521,2.49206,2.48471,2.48405,2.49506,2.48749,2.48745,2.49104,2.49222,2.494,2.49264,2.48988,2.48664,2.49285,2.48969,2.48957,2.49548,2.49285,2.48541,2.49116,2.48875,2.49274,2.49128,2.49086,2.48848,2.48597,2.48688,2.4892,2.49357,2.49024,2.49606,2.49294,2.4883,2.48619,2.49183,2.48996,2.48481,2.49233,2.4901,-0.948791,
2.50523,2.512,2.50776,2.51486,2.51225,2.51107,2.50961,2.51597,2.51504,2.51411,2.50753,2.51549,2.51368,2.51144,2.50908,2.50543,2.50647,2.50977,2.50719,2.50742,2.51724,2.51069,2.50683,2.50528,2.50534,2.50992,2.51165,2.51209,2.51243,2.5125,2.50743,2.51313,2.51074,2.50963,2.50601,2.5125,2.51455,2.51478,2.51152,2.50906,2.51571,2.51387,2.51678,2.51637,2.51173,2.50713,2.51087,2.50827,2.51553,2.50796,2.5145,2.5153,2.51736,2.51741,2.51254,2.51009,2.50864,2.509,2.51525,2.50555,2.5099,2.50649,2.5133,2.506,2.50534,2.51627,2.50875,2.50872,2.51228,2.51346,2.51522,2.51387,2.51113,2.50791,2.51407,2.51094,2.51082,2.51669,2.51408,2.50669,2.5124,2.51001,2.51397,2.51252,2.5121,2.50974,2.50725,2.50815,2.51046,2.51479,2.51148,2.51726,2.51417,2.50956,2.50746,2.51307,2.5112,2.5061,2.51356,2.51135,-0.598791,
2.54653,2.55326,2.54904,2.55609,2.5535,2.55233,2.55088,2.5572,2.55627,2.55534,2.54881,2.55672,2.55492,2.5527,2.55035,2.54672,2.54776,2.55104,2.54848,2.54871,2.55846,2.55195,2.54812,2.54658,2.54664,2.55119,2.5529,2.55334,2.55368,2.55374,2.54871,2.55438,2.552,2.5509,2.5473,2.55375,2.55578,2.55602,2.55277,2.55033,2.55694,2.55511,2.558,2.55759,2.55299,2.54841,2.55213,2.54955,2.55676,2.54924,2.55574,2.55653,2.55858,2.55862,2.55379,2.55135,2.54991,2.55027,2.55648,2.54685,2.55117,2.54778,2.55454,2.54729,2.54664,2.5575,2.55003,2.54999,2.55353,2.5547,2.55645,2.55511,2.55238,2.54919,2.55531,2.5522,2.55208,2.55791,2.55532,2.54798,2.55365,2.55127,2.55521,2.55376,2.55335,2.551,2.54853,2.54943,2.55172,2.55602,2.55274,2.55848,2.5554,2.55083,2.54875,2.55431,2.55246,2.54739,2.5548,2.5526,-0.248791,
2.61132,2.618,2.61382,2.62082,2.61824,2.61708,2.61564,2.62191,2.62099,2.62008,2.61359,2.62144,2.61966,2.61745,2.61512,2.61151,2.61254,2.6158,2.61326,2.61349,2.62317,2.6167,2.6129,2.61137,2.61143,2.61595,2.61765,2.61809,2.61843,2.61849,2.61349,2.61911,2.61676,2.61566,2.61209,2.61849,2.62051,2.62074,2.61752,2.61509,2.62166,2.61984,2.62271,2.62231,2.61774,2.61319,2.61688,2.61432,2.62148,2.61402,2.62047,2.62125,2.62329,2.62333,2.61853,2.61611,2.61468,2.61504,2.6212,2.61164,2.61593,2.61256,2.61927,2.61208,2.61143,2.62221,2.61479,2.61476,2.61827,2.61943,2.62117,2.61984,2.61714,2.61397,2.62004,2.61695,2.61684,2.62262,2.62005,2.61276,2.6184,2.61603,2.61994,2.61851,2.6181,2.61577,2.61331,2.6142,2.61648,2.62075,2.61749,2.62319,2.62013,2.61559,2.61352,2.61905,2.61721,2.61218,2.61953,2.61735,0.101209,
2.70024,2.70688,2.70273,2.70968,2.70712,2.70596,2.70454,2.71076,2.70985,2.70894,2.70249,2.71029,2.70852,2.70633,2.70401,2.70044,2.70146,2.70469,2.70217,2.70239,2.71201,2.70559,2.70181,2.70029,2.70035,2.70484,2.70653,2.70696,2.7073,2.70736,2.7024,2.70798,2.70565,2.70456,2.70101,2.70737,2.70937,2.7096,2.7064,2.70399,2.71051,2.70871,2.71156,2.71115,2.70661,2.7021,2.70577,2.70322,2.71033,2.70292,2.70933,2.7101,2.71213,2.71217,2.70741,2.705,2.70358,2.70394,2.71006,2.70056,2.70482,2.70148,2.70814,2.701,2.70035,2.71106,2.70369,2.70366,2.70715,2.7083,2.71003,2.70871,2.70602,2.70287,2.70891,2.70584,2.70572,2.71147,2.70891,2.70168,2.70727,2.70492,2.7088,2.70738,2.70698,2.70466,2.70222,2.7031,2.70536,2.70961,2.70637,2.71203,2.709,2.70448,2.70243,2.70792,2.70609,2.7011,2.7084,2.70624,0.451209,
2.81101,2.8176,2.81347,2.82037,2.81783,2.81669,2.81527,2.82145,2.82054,2.81964,2.81324,2.82099,2.81923,2.81705,2.81475,2.8112,2.81222,2.81543,2.81292,2.81314,2.82269,2.81632,2.81257,2.81106,2.81112,2.81557,2.81725,2.81768,2.81802,2.81808,2.81315,2.81869,2.81637,2.81529,2.81177,2.81808,2.82007,2.8203,2.81712,2.81473,2.8212,2.81941,2.82224,2.82184,2.81733,2.81286,2.81649,2.81397,2.82103,2.81367,2.82003,2.8208,2.82281,2.82285,2.81812,2.81573,2.81432,2.81468,2.82076,2.81132,2.81555,2.81223,2.81885,2.81176,2.81111,2.82175,2.81443,2.8144,2.81786,2.81901,2.82072,2.81941,2.81674,2.81362,2.81961,2.81656,2.81645,2.82215,2.81962,2.81243,2.81799,2.81566,2.81951,2.81809,2.81769,2.81539,2.81297,2.81385,2.81609,2.8203,2.81709,2.82271,2.8197,2.81522,2.81318,2.81863,2.81682,2.81185,2.81911,2.81696,0.801209,
2.93868,2.94522,2.94112,2.94798,2.94545,2.94432,2.94291,2.94905,2.94815,2.94725,2.9409,2.94859,2.94684,2.94468,2.94239,2.93887,2.93988,2.94306,2.94057,2.9408,2.95028,2.94395,2.94022,2.93872,2.93878,2.94321,2.94487,2.9453,2.94563,2.94569,2.9408,2.94631,2.944,2.94293,2.93943,2.9457,2.94768,2.9479,2.94475,2.94237,2.9488,2.94702,2.94983,2.94943,2.94496,2.94051,2.94412,2.94162,2.94863,2.94132,2.94763,2.9484,2.95039,2.95043,2.94574,2.94337,2.94197,2.94232,2.94836,2.93899,2.94319,2.93989,2.94647,2.93942,2.93878,2.94934,2.94208,2.94204,2.94548,2.94662,2.94832,2.94702,2.94437,2.94127,2.94722,2.94419,2.94408,2.94974,2.94723,2.94009,2.9456,2.94329,2.94712,2.94571,2.94532,2.94303,2.94062,2.9415,2.94372,2.94791,2.94472,2.9503,2.94731,2.94286,2.94083,2.94624,2.94445,2.93952,2.94672,2.94458,1.15121,
3.07626,3.08276,3.07869,3.0855,3.08299,3.08186,3.08046,3.08656,3.08566,3.08477,3.07846,3.0861,3.08437,3.08222,3.07995,3.07645,3.07745,3.08062,3.07814,3.07837,3.08778,3.08149,3.0778,3.07631,3.07637,3.08076,3.08241,3.08284,3.08317,3.08323,3.07837,3.08384,3.08155,3.08048,3.07701,3.08323,3.0852,3.08542,3.08229,3.07993,3.08631,3.08455,3.08734,3.08694,3.0825,3.07808,3.08167,3.07918,3.08614,3.07888,3.08515,3.08591,3.0879,3.08794,3.08327,3.08092,3.07953,3.07988,3.08587,3.07657,3.08074,3.07747,3.08399,3.077,3.07636,3.08685,3.07964,3.0796,3.08302,3.08415,3.08584,3.08455,3.08191,3.07883,3.08474,3.08174,3.08163,3.08725,3.08475,3.07766,3.08314,3.08084,3.08464,3.08325,3.08285,3.08058,3.07819,3.07906,3.08127,3.08543,3.08226,3.0878,3.08483,3.08041,3.0784,3.08377,3.08199,3.07709,3.08425,3.08213,1.50121,
-3.06762,-3.06116,-3.0652,-3.05845,-3.06094,-3.06206,-3.06344,-3.05739,-3.05828,-3.05916,-3.06543,-3.05785,-3.05957,-3.0617,-3.06395,-3.06743,-3.06643,-3.06329,-3.06575,-3.06553,-3.05618,-3.06242,-3.06609,-3.06757,-3.06751,-3.06315,-3.0615,-3.06108,-3.06076,-3.0607,-3.06552,-3.06009,-3.06237,-3.06342,-3.06687,-3.06069,-3.05874,-3.05852,-3.06163,-3.06397,-3.05764,-3.05939,-3.05662,-3.05701,-3.06142,-3.06581,-3.06224,-3.06472,-3.05781,-3.06501,-3.05878,-3.05803,-3.05606,-3.05602,-3.06065,-3.06299,-3.06437,-3.06402,-3.05807,-3.06731,-3.06317,-3.06642,-3.05994,-3.06688,-3.06751,-3.0571,-3.06426,-3.0643,-3.0609,-3.05978,-3.0581,-3.05939,-3.062,-3.06506,-3.05919,-3.06218,-3.06229,-3.05671,-3.05919,-3.06622,-3.06078,-3.06307,-3.05929,-3.06068,-3.06107,-3.06332,-3.0657,-3.06484,-3.06264,-3.05851,-3.06166,-3.05616,-3.05911,-3.0635,-3.06549,-3.06015,-3.06193,-3.06679,-3.05969,-3.06179,1.85121,
-2.93498,-2.92857,-2.93258,-2.92587,-2.92835,-2.92946,-2.93084,-2.92482,-2.92571,-2.92659,-2.93281,-2.92528,-2.92699,-2.9291,-2.93134,-2.9348,-2.93381,-2.93069,-2.93313,-2.9329,-2.92362,-2.92982,-2.93347,-2.93493,-2.93488,-2.93054,-2.92891,-2.92849,-2.92817,-2.92811,-2.9329,-2.92751,-2.92977,-2.93082,-2.93424,-2.9281,-2.92617,-2.92595,-2.92904,-2.93136,-2.92507,-2.92681,-2.92406,-2.92445,-2.92883,-2.93318,-2.92965,-2.9321,-2.92524,-2.9324,-2.92621,-2.92546,-2.92351,-2.92347,-2.92806,-2.93039,-2.93176,-2.93141,-2.9255,-2.93468,-2.93056,-2.93379,-2.92735,-2.93425,-2.93488,-2.92454,-2.93165,-2.93168,-2.92832,-2.9272,-2.92553,-2.92681,-2.92941,-2.93245,-2.92662,-2.92958,-2.92969,-2.92415,-2.92661,-2.9336,-2.9282,-2.93046,-2.92672,-2.92809,-2.92848,-2.93072,-2.93307,-2.93222,-2.93004,-2.92594,-2.92907,-2.9236,-2.92653,-2.93089,-2.93287,-2.92757,-2.92933,-2.93416,-2.92711,-2.9292,2.20121,
-2.81661,-2.81025,-2.81423,-2.80757,-2.81002,-2.81113,-2.81249,-2.80652,-2.8074,-2.80827,-2.81445,-2.80697,-2.80867,-2.81077,-2.81299,-2.81643,-2.81544,-2.81234,-2.81477,-2.81455,-2.80533,-2.81148,-2.8151,-2.81656,-2.81651,-2.8122,-2.81058,-2.81017,-2.80984,-2.80979,-2.81454,-2.80919,-2.81143,-2.81248,-2.81588,-2.80978,-2.80786,-2.80764,-2.81071,-2.81302,-2.80677,-2.80849,-2.80576,-2.80615,-2.8105,-2.81483,-2.81131,-2.81375,-2.80693,-2.81404,-2.8079,-2.80716,-2.80522,-2.80518,-2.80974,-2.81205,-2.81341,-2.81307,-2.8072,-2.81631,-2.81222,-2.81543,-2.80904,-2.81589,-2.81651,-2.80624,-2.8133,-2.81333,-2.80999,-2.80888,-2.80723,-2.8085,-2.81107,-2.81409,-2.8083,-2.81125,-2.81136,-2.80585,-2.8083,-2.81524,-2.80987,-2.81212,-2.8084,-2.80977,-2.81015,-2.81238,-2.81472,-2.81387,-2.8117,-2.80763,-2.81074,-2.80531,-2.80822,-2.81255,-2.81451,-2.80925,-2.811,-2.81579,-2.80879,-2.81086,2.55121,
-2.71836,-2.71204,-2.716,-2.70938,-2.71182,-2.71292,-2.71428,-2.70835,-2.70922,-2.71008,-2.71622,-2.70879,-2.71048,-2.71257,-2.71477,-2.71818,-2.7172,-2.71413,-2.71653,-2.71631,-2.70716,-2.71327,-2.71687,-2.71832,-2.71826,-2.71398,-2.71238,-2.71196,-2.71164,-2.71159,-2.71631,-2.71099,-2.71322,-2.71426,-2.71763,-2.71158,-2.70967,-2.70945,-2.7125,-2.71479,-2.70859,-2.7103,-2.70759,-2.70798,-2.7123,-2.71659,-2.7131,-2.71552,-2.70875,-2.71581,-2.70971,-2.70897,-2.70705,-2.70701,-2.71154,-2.71383,-2.71518,-2.71484,-2.70902,-2.71806,-2.714,-2.71719,-2.71084,-2.71764,-2.71826,-2.70806,-2.71508,-2.71511,-2.71179,-2.71069,-2.70905,-2.7103,-2.71286,-2.71586,-2.71011,-2.71304,-2.71314,-2.70768,-2.71011,-2.717,-2.71167,-2.71391,-2.71021,-2.71157,-2.71195,-2.71416,-2.71648,-2.71564,-2.71349,-2.70945,-2.71253,-2.70714,-2.71003,-2.71433,-2.71628,-2.71105,-2.71279,-2.71755,-2.7106,-2.71266,2.90121,
-2.64366,-2.63738,-2.64131,-2.63474,-2.63716,-2.63825,-2.6396,-2.63371,-2.63458,-2.63544,-2.64153,-2.63416,-2.63583,-2.6379,-2.64009,-2.64348,-2.64251,-2.63945,-2.64184,-2.64162,-2.63253,-2.6386,-2.64217,-2.64361,-2.64356,-2.63931,-2.63772,-2.63731,-2.63699,-2.63693,-2.64162,-2.63634,-2.63855,-2.63958,-2.64294,-2.63692,-2.63503,-2.63481,-2.63784,-2.64012,-2.63395,-2.63566,-2.63296,-2.63334,-2.63764,-2.6419,-2.63843,-2.64084,-2.63412,-2.64113,-2.63507,-2.63434,-2.63242,-2.63238,-2.63688,-2.63916,-2.6405,-2.64017,-2.63438,-2.64336,-2.63933,-2.64249,-2.63619,-2.64295,-2.64356,-2.63343,-2.6404,-2.64043,-2.63713,-2.63604,-2.63441,-2.63566,-2.6382,-2.64118,-2.63547,-2.63837,-2.63848,-2.63305,-2.63546,-2.6423,-2.63701,-2.63923,-2.63556,-2.63691,-2.63729,-2.63948,-2.64179,-2.64095,-2.63882,-2.63481,-2.63787,-2.63251,-2.63538,-2.63965,-2.64159,-2.6364,-2.63813,-2.64285,-2.63595,-2.63799,-3.03198,
-2.59306,-2.58683,-2.59073,-2.58421,-2.58661,-2.58769,-2.58904,-2.58319,-2.58405,-2.5849,-2.59095,-2.58363,-2.58529,-2.58735,-2.58952,-2.59288,-2.59192,-2.58889,-2.59126,-2.59105,-2.58202,-2.58805,-2.59159,-2.59302,-2.59296,-2.58875,-2.58716,-2.58676,-2.58644,-2.58638,-2.59104,-2.5858,-2.58799,-2.58902,-2.59235,-2.58638,-2.5845,-2.58428,-2.58728,-2.58955,-2.58343,-2.58512,-2.58244,-2.58282,-2.58708,-2.59132,-2.58788,-2.59027,-2.58359,-2.59055,-2.58454,-2.58381,-2.58191,-2.58187,-2.58634,-2.5886,-2.58993,-2.5896,-2.58385,-2.59277,-2.58877,-2.59191,-2.58565,-2.59236,-2.59297,-2.58291,-2.58983,-2.58986,-2.58658,-2.5855,-2.58388,-2.58512,-2.58764,-2.5906,-2.58493,-2.58781,-2.58792,-2.58253,-2.58492,-2.59172,-2.58647,-2.58867,-2.58503,-2.58636,-2.58674,-2.58892,-2.59121,-2.59038,-2.58826,-2.58428,-2.58731,-2.582,-2.58485,-2.58909,-2.59101,-2.58586,-2.58757,-2.59227,-2.58541,-2.58744,-2.68198,
-2.56422,-2.55804,-2.56191,-2.55543,-2.55782,-2.55889,-2.56022,-2.55442,-2.55527,-2.55612,-2.56212,-2.55485,-2.55651,-2.55855,-2.56071,-2.56404,-2.56309,-2.56008,-2.56243,-2.56222,-2.55325,-2.55924,-2.56276,-2.56418,-2.56412,-2.55994,-2.55836,-2.55796,-2.55764,-2.55759,-2.56221,-2.55701,-2.55919,-2.5602,-2.56351,-2.55758,-2.55571,-2.5555,-2.55848,-2.56073,-2.55465,-2.55633,-2.55367,-2.55405,-2.55828,-2.56249,-2.55907,-2.56144,-2.55482,-2.56173,-2.55575,-2.55503,-2.55314,-2.55311,-2.55754,-2.55979,-2.56111,-2.56078,-2.55507,-2.56393,-2.55996,-2.56308,-2.55686,-2.56352,-2.56412,-2.55414,-2.56101,-2.56104,-2.55779,-2.55671,-2.5551,-2.55633,-2.55884,-2.56177,-2.55615,-2.55901,-2.55911,-2.55376,-2.55614,-2.56289,-2.55767,-2.55986,-2.55624,-2.55757,-2.55795,-2.56011,-2.56238,-2.56156,-2.55945,-2.5555,-2.55851,-2.55323,-2.55606,-2.56027,-2.56218,-2.55707,-2.55877,-2.56343,-2.55662,-2.55864,-2.33198,
-2.55214,-2.546,-2.54984,-2.54341,-2.54578,-2.54684,-2.54817,-2.5424,-2.54325,-2.54409,-2.55005,-2.54283,-2.54447,-2.5465,-2.54865,-2.55196,-2.55101,-2.54802,-2.55036,-2.55015,-2.54125,-2.54719,-2.55069,-2.55209,-2.55204,-2.54788,-2.54632,-2.54592,-2.54561,-2.54555,-2.55014,-2.54497,-2.54714,-2.54815,-2.55143,-2.54554,-2.54369,-2.54347,-2.54644,-2.54867,-2.54264,-2.5443,-2.54166,-2.54204,-2.54624,-2.55042,-2.54702,-2.54938,-2.5428,-2.54966,-2.54373,-2.54301,-2.54114,-2.5411,-2.54551,-2.54773,-2.54905,-2.54872,-2.54305,-2.55185,-2.5479,-2.551,-2.54483,-2.55144,-2.55204,-2.54212,-2.54894,-2.54898,-2.54575,-2.54468,-2.54308,-2.5443,-2.54679,-2.54971,-2.54412,-2.54696,-2.54707,-2.54175,-2.54411,-2.55081,-2.54563,-2.54781,-2.54421,-2.54553,-2.54591,-2.54805,-2.55031,-2.54949,-2.5474,-2.54347,-2.54647,-2.54123,-2.54403,-2.54821,-2.55011,-2.54503,-2.54672,-2.55135,-2.54459,-2.54659,-1.98198,
-2.54978,-2.54368,-2.5475,-2.54111,-2.54347,-2.54453,-2.54584,-2.54011,-2.54095,-2.54179,-2.54771,-2.54054,-2.54217,-2.54419,-2.54632,-2.54961,-2.54867,-2.54569,-2.54802,-2.54781,-2.53897,-2.54487,-2.54834,-2.54974,-2.54968,-2.54556,-2.544,-2.54361,-2.5433,-2.54324,-2.5478,-2.54267,-2.54482,-2.54582,-2.54908,-2.54324,-2.54139,-2.54118,-2.54412,-2.54634,-2.54035,-2.542,-2.53938,-2.53975,-2.54393,-2.54807,-2.5447,-2.54704,-2.54051,-2.54732,-2.54143,-2.54072,-2.53886,-2.53882,-2.5432,-2.54541,-2.54671,-2.54639,-2.54076,-2.5495,-2.54558,-2.54865,-2.54252,-2.54909,-2.54969,-2.53984,-2.54661,-2.54664,-2.54344,-2.54238,-2.54079,-2.542,-2.54447,-2.54737,-2.54182,-2.54464,-2.54475,-2.53947,-2.54181,-2.54847,-2.54332,-2.54548,-2.54191,-2.54322,-2.54359,-2.54573,-2.54797,-2.54715,-2.54508,-2.54118,-2.54415,-2.53895,-2.54174,-2.54589,-2.54777,-2.54273,-2.5444,-2.549,-2.54229,-2.54427,-1.63198,
-2.54895,-2.54289,-2.54669,-2.54034,-2.54268,-2.54373,-2.54503,-2.53935,-2.54018,-2.54101,-2.5469,-2.53978,-2.54139,-2.54339,-2.54551,-2.54878,-2.54784,-2.54489,-2.5472,-2.54699,-2.53821,-2.54407,-2.54752,-2.54891,-2.54885,-2.54475,-2.54321,-2.54282,-2.54251,-2.54245,-2.54698,-2.54189,-2.54402,-2.54502,-2.54825,-2.54245,-2.54062,-2.54041,-2.54333,-2.54553,-2.53958,-2.54122,-2.53862,-2.53899,-2.54314,-2.54725,-2.54391,-2.54623,-2.53974,-2.54651,-2.54066,-2.53995,-2.5381,-2.53807,-2.54241,-2.54461,-2.5459,-2.54558,-2.53999,-2.54867,-2.54477,-2.54783,-2.54174,-2.54826,-2.54885,-2.53908,-2.5458,-2.54583,-2.54265,-2.5416,-2.54002,-2.54123,-2.54368,-2.54655,-2.54104,-2.54384,-2.54395,-2.53871,-2.54104,-2.54764,-2.54254,-2.54468,-2.54114,-2.54244,-2.5428,-2.54492,-2.54715,-2.54634,-2.54428,-2.5404,-2.54336,-2.53819,-2.54096,-2.54508,-2.54695,-2.54194,-2.54361,-2.54817,-2.54151,-2.54348,-1.28198,
-2.54125,-2.53523,-2.539,-2.5327,-2.53502,-2.53607,-2.53736,-2.53171,-2.53254,-2.53337,-2.53921,-2.53214,-2.53375,-2.53573,-2.53783,-2.54108,-2.54015,-2.53722,-2.53951,-2.5393,-2.53058,-2.5364,-2.53983,-2.54121,-2.54115,-2.53708,-2.53555,-2.53516,-2.53485,-2.5348,-2.5393,-2.53423,-2.53635,-2.53734,-2.54056,-2.53479,-2.53298,-2.53277,-2.53567,-2.53785,-2.53195,-2.53358,-2.53099,-2.53136,-2.53548,-2.53956,-2.53624,-2.53855,-2.5321,-2.53882,-2.53302,-2.53231,-2.53048,-2.53044,-2.53476,-2.53694,-2.53822,-2.5379,-2.53235,-2.54097,-2.5371,-2.54013,-2.53409,-2.54057,-2.54115,-2.53144,-2.53812,-2.53815,-2.53499,-2.53395,-2.53238,-2.53358,-2.53602,-2.53887,-2.5334,-2.53618,-2.53628,-2.53108,-2.53339,-2.53995,-2.53488,-2.53701,-2.53349,-2.53478,-2.53515,-2.53725,-2.53946,-2.53866,-2.53661,-2.53276,-2.5357,-2.53057,-2.53332,-2.53741,-2.53927,-2.53429,-2.53595,-2.54048,-2.53386,-2.53582,-0.931976,
-2.51912,-2.51315,-2.51689,-2.51063,-2.51294,-2.51397,-2.51526,-2.50965,-2.51048,-2.51129,-2.5171,-2.51008,-2.51167,-2.51364,-2.51573,-2.51895,-2.51803,-2.51512,-2.51739,-2.51719,-2.50853,-2.51431,-2.51771,-2.51908,-2.51903,-2.51498,-2.51346,-2.51307,-2.51277,-2.51272,-2.51718,-2.51215,-2.51426,-2.51524,-2.51843,-2.51271,-2.51091,-2.5107,-2.51358,-2.51575,-2.50988,-2.5115,-2.50894,-2.5093,-2.51339,-2.51745,-2.51415,-2.51644,-2.51004,-2.51671,-2.51094,-2.51025,-2.50842,-2.50839,-2.51267,-2.51484,-2.51612,-2.5158,-2.51029,-2.51884,-2.515,-2.51801,-2.51201,-2.51844,-2.51903,-2.50938,-2.51602,-2.51605,-2.51291,-2.51187,-2.51031,-2.5115,-2.51392,-2.51676,-2.51132,-2.51409,-2.51419,-2.50902,-2.51132,-2.51783,-2.5128,-2.51491,-2.51142,-2.5127,-2.51306,-2.51515,-2.51734,-2.51655,-2.51451,-2.51069,-2.51361,-2.50851,-2.51124,-2.51531,-2.51715,-2.51221,-2.51386,-2.51836,-2.51178,-2.51373,-0.581976,
-2.47676,-2.47083,-2.47454,-2.46833,-2.47061,-2.47164,-2.47292,-2.46735,-2.46817,-2.46898,-2.47475,-2.46777,-2.46936,-2.47132,-2.47339,-2.47659,-2.47567,-2.47278,-2.47504,-2.47484,-2.46624,-2.47198,-2.47535,-2.47671,-2.47666,-2.47265,-2.47114,-2.47075,-2.47045,-2.4704,-2.47483,-2.46984,-2.47193,-2.4729,-2.47607,-2.47039,-2.4686,-2.46839,-2.47125,-2.47341,-2.46758,-2.46919,-2.46664,-2.46701,-2.47106,-2.47509,-2.47182,-2.47409,-2.46774,-2.47436,-2.46864,-2.46794,-2.46613,-2.4661,-2.47035,-2.4725,-2.47377,-2.47346,-2.46798,-2.47648,-2.47267,-2.47566,-2.4697,-2.47608,-2.47666,-2.46709,-2.47367,-2.4737,-2.47059,-2.46955,-2.46801,-2.46919,-2.4716,-2.47441,-2.46901,-2.47176,-2.47186,-2.46673,-2.46901,-2.47548,-2.47048,-2.47257,-2.46911,-2.47038,-2.47074,-2.47281,-2.47499,-2.4742,-2.47218,-2.46839,-2.47128,-2.46622,-2.46893,-2.47297,-2.4748,-2.4699,-2.47153,-2.476,-2.46947,-2.4714,-0.231976,
-2.4108,-2.40491,-2.4086,-2.40243,-2.4047,-2.40572,-2.40699,-2.40146,-2.40228,-2.40308,-2.4088,-2.40188,-2.40345,-2.4054,-2.40745,-2.41063,-2.40972,-2.40685,-2.40909,-2.40889,-2.40036,-2.40606,-2.40941,-2.41076,-2.41071,-2.40672,-2.40522,-2.40484,-2.40454,-2.40448,-2.40889,-2.40393,-2.40601,-2.40697,-2.41012,-2.40448,-2.4027,-2.40249,-2.40534,-2.40747,-2.40169,-2.40329,-2.40076,-2.40112,-2.40515,-2.40915,-2.4059,-2.40816,-2.40184,-2.40843,-2.40274,-2.40205,-2.40025,-2.40022,-2.40444,-2.40658,-2.40784,-2.40752,-2.40209,-2.41052,-2.40674,-2.40971,-2.40379,-2.41013,-2.41071,-2.4012,-2.40774,-2.40777,-2.40467,-2.40365,-2.40212,-2.40329,-2.40567,-2.40847,-2.40311,-2.40583,-2.40594,-2.40084,-2.4031,-2.40953,-2.40456,-2.40665,-2.4032,-2.40447,-2.40482,-2.40688,-2.40905,-2.40826,-2.40626,-2.40249,-2.40536,-2.40034,-2.40303,-2.40704,-2.40886,-2.40399,-2.40561,-2.41005,-2.40356,-2.40548,0.118024,
-2.32076,-2.31491,-2.31857,-2.31244,-2.3147,-2.31572,-2.31698,-2.31148,-2.31229,-2.31309,-2.31877,-2.3119,-2.31346,-2.31539,-2.31743,-2.32059,-2.31969,-2.31684,-2.31906,-2.31886,-2.31039,-2.31605,-2.31937,-2.32072,-2.32066,-2.3167,-2.31522,-2.31483,-2.31454,-2.31448,-2.31886,-2.31394,-2.316,-2.31696,-2.32008,-2.31448,-2.31271,-2.31251,-2.31533,-2.31745,-2.31171,-2.3133,-2.31078,-2.31114,-2.31514,-2.31912,-2.31589,-2.31813,-2.31186,-2.3184,-2.31275,-2.31207,-2.31028,-2.31025,-2.31444,-2.31656,-2.31781,-2.3175,-2.31211,-2.32048,-2.31672,-2.31967,-2.31379,-2.32009,-2.32066,-2.31122,-2.31772,-2.31775,-2.31467,-2.31365,-2.31213,-2.3133,-2.31567,-2.31844,-2.31312,-2.31583,-2.31593,-2.31087,-2.31312,-2.3195,-2.31456,-2.31663,-2.31321,-2.31447,-2.31482,-2.31687,-2.31902,-2.31824,-2.31624,-2.31251,-2.31536,-2.31037,-2.31304,-2.31702,-2.31883,-2.31399,-2.3156,-2.32001,-2.31357,-2.31548,0.468024,
-2.20905,-2.20325,-2.20688,-2.2008,-2.20304,-2.20405,-2.2053,-2.19985,-2.20065,-2.20144,-2.20708,-2.20026,-2.20181,-2.20373,-2.20575,-2.20889,-2.20799,-2.20516,-2.20737,-2.20717,-2.19875,-2.20438,-2.20768,-2.20901,-2.20896,-2.20503,-2.20355,-2.20317,-2.20288,-2.20282,-2.20717,-2.20228,-2.20433,-2.20528,-2.20838,-2.20282,-2.20106,-2.20086,-2.20366,-2.20577,-2.20007,-2.20164,-2.19915,-2.1995,-2.20348,-2.20743,-2.20422,-2.20645,-2.20022,-2.20671,-2.2011,-2.20042,-2.19865,-2.19862,-2.20278,-2.20489,-2.20613,-2.20582,-2.20046,-2.20878,-2.20505,-2.20798,-2.20214,-2.20839,-2.20896,-2.19959,-2.20603,-2.20606,-2.20301,-2.202,-2.20049,-2.20165,-2.204,-2.20676,-2.20147,-2.20416,-2.20426,-2.19923,-2.20146,-2.2078,-2.2029,-2.20496,-2.20156,-2.20281,-2.20316,-2.20519,-2.20733,-2.20655,-2.20457,-2.20086,-2.20369,-2.19874,-2.20139,-2.20534,-2.20714,-2.20234,-2.20393,-2.20831,-2.20192,-2.20381,0.818024,
-2.08074,-2.07497,-2.07858,-2.07254,-2.07477,-2.07577,-2.07701,-2.0716,-2.07239,-2.07318,-2.07879,-2.07201,-2.07355,-2.07545,-2.07746,-2.08057,-2.07969,-2.07687,-2.07907,-2.07887,-2.07051,-2.0761,-2.07938,-2.0807,-2.08065,-2.07674,-2.07528,-2.0749,-2.07461,-2.07456,-2.07887,-2.07401,-2.07605,-2.07699,-2.08008,-2.07455,-2.07281,-2.07261,-2.07539,-2.07748,-2.07182,-2.07338,-2.07091,-2.07126,-2.0752,-2.07912,-2.07594,-2.07815,-2.07197,-2.07842,-2.07285,-2.07217,-2.07041,-2.07038,-2.07451,-2.0766,-2.07784,-2.07753,-2.07221,-2.08047,-2.07676,-2.07967,-2.07388,-2.08009,-2.08065,-2.07134,-2.07774,-2.07777,-2.07474,-2.07374,-2.07224,-2.07339,-2.07572,-2.07846,-2.07321,-2.07588,-2.07598,-2.07099,-2.07321,-2.0795,-2.07463,-2.07667,-2.0733,-2.07454,-2.07489,-2.0769,-2.07903,-2.07826,-2.07629,-2.0726,-2.07542,-2.0705,-2.07313,-2.07706,-2.07884,-2.07407,-2.07566,-2.08,-2.07365,-2.07553,1.16802,
-1.94289,-1.93716,-1.94075,-1.93475,-1.93696,-1.93795,-1.93918,-1.93381,-1.9346,-1.93538,-1.94095,-1.93421,-1.93574,-1.93763,-1.93963,-1.94272,-1.94184,-1.93905,-1.94123,-1.94103,-1.93273,-1.93827,-1.94153,-1.94285,-1.94279,-1.93892,-1.93746,-1.93709,-1.9368,-1.93674,-1.94103,-1.93621,-1.93823,-1.93917,-1.94223,-1.93674,-1.93501,-1.93481,-1.93757,-1.93965,-1.93403,-1.93558,-1.93312,-1.93347,-1.93739,-1.94128,-1.93812,-1.94032,-1.93418,-1.94058,-1.93505,-1.93438,-1.93263,-1.93259,-1.9367,-1.93878,-1.94001,-1.9397,-1.93441,-1.94262,-1.93894,-1.94182,-1.93607,-1.94224,-1.9428,-1.93355,-1.93991,-1.93994,-1.93693,-1.93593,-1.93444,-1.93558,-1.9379,-1.94062,-1.93541,-1.93806,-1.93816,-1.9332,-1.9354,-1.94165,-1.93682,-1.93885,-1.9355,-1.93673,-1.93708,-1.93908,-1.94118,-1.94042,-1.93847,-1.93481,-1.9376,-1.93271,-1.93533,-1.93923,-1.941,-1.93626,-1.93784,-1.94215,-1.93585,-1.93772,1.51802,
-1.80371,-1.79803,-1.80159,-1.79563,-1.79782,-1.79881,-1.80004,-1.7947,-1.79548,-1.79626,-1.80179,-1.7951,-1.79662,-1.7985,-1.80048,-1.80355,-1.80267,-1.7999,-1.80207,-1.80187,-1.79363,-1.79913,-1.80237,-1.80367,-1.80362,-1.79977,-1.79833,-1.79796,-1.79767,-1.79761,-1.80187,-1.79708,-1.79909,-1.80002,-1.80306,-1.79761,-1.79589,-1.79569,-1.79844,-1.8005,-1.79492,-1.79646,-1.79402,-1.79436,-1.79825,-1.80212,-1.79898,-1.80116,-1.79507,-1.80142,-1.79593,-1.79526,-1.79353,-1.79349,-1.79757,-1.79964,-1.80085,-1.80055,-1.7953,-1.80345,-1.79979,-1.80266,-1.79694,-1.80307,-1.80362,-1.79444,-1.80076,-1.80079,-1.7978,-1.79681,-1.79533,-1.79646,-1.79876,-1.80146,-1.79629,-1.79892,-1.79902,-1.7941,-1.79628,-1.80249,-1.79769,-1.7997,-1.79638,-1.7976,-1.79794,-1.79993,-1.80202,-1.80126,-1.79933,-1.79569,-1.79846,-1.79361,-1.79621,-1.80008,-1.80184,-1.79714,-1.7987,-1.80299,-1.79672,-1.79858,1.86802,
-1.67161,-1.66596,-1.66949,-1.66358,-1.66576,-1.66674,-1.66795,-1.66265,-1.66343,-1.6642,-1.66969,-1.66305,-1.66456,-1.66642,-1.6684,-1.67144,-1.67057,-1.66782,-1.66997,-1.66978,-1.66159,-1.66706,-1.67027,-1.67157,-1.67151,-1.66769,-1.66626,-1.66589,-1.6656,-1.66555,-1.66977,-1.66502,-1.66701,-1.66794,-1.67096,-1.66554,-1.66384,-1.66364,-1.66637,-1.66842,-1.66287,-1.6644,-1.66198,-1.66232,-1.66618,-1.67002,-1.6669,-1.66907,-1.66302,-1.66933,-1.66387,-1.66321,-1.66149,-1.66146,-1.66551,-1.66756,-1.66876,-1.66846,-1.66325,-1.67134,-1.66771,-1.67056,-1.66488,-1.67096,-1.67152,-1.6624,-1.66867,-1.6687,-1.66573,-1.66475,-1.66328,-1.6644,-1.66669,-1.66937,-1.66423,-1.66684,-1.66694,-1.66205,-1.66423,-1.67039,-1.66563,-1.66762,-1.66432,-1.66553,-1.66588,-1.66785,-1.66993,-1.66917,-1.66725,-1.66364,-1.66639,-1.66157,-1.66416,-1.668,-1.66974,-1.66507,-1.66663,-1.67088,-1.66466,-1.66651,2.21802,
-1.55409,-1.54848,-1.55199,-1.54612,-1.54828,-1.54925,-1.55046,-1.5452,-1.54597,-1.54674,-1.55219,-1.54559,-1.54709,-1.54894,-1.5509,-1.55393,-1.55306,-1.55033,-1.55246,-1.55227,-1.54414,-1.54957,-1.55276,-1.55405,-1.554,-1.5502,-1.54878,-1.54841,-1.54812,-1.54807,-1.55227,-1.54755,-1.54952,-1.55044,-1.55344,-1.54807,-1.54637,-1.54618,-1.54888,-1.55092,-1.54541,-1.54693,-1.54453,-1.54487,-1.5487,-1.55252,-1.54942,-1.55157,-1.54556,-1.55183,-1.54641,-1.54576,-1.54404,-1.54401,-1.54803,-1.55007,-1.55127,-1.55097,-1.54579,-1.55382,-1.55022,-1.55305,-1.54741,-1.55345,-1.554,-1.54495,-1.55117,-1.5512,-1.54825,-1.54728,-1.54582,-1.54694,-1.54921,-1.55187,-1.54677,-1.54936,-1.54946,-1.5446,-1.54676,-1.55288,-1.54815,-1.55013,-1.54685,-1.54806,-1.5484,-1.55036,-1.55242,-1.55167,-1.54976,-1.54618,-1.54891,-1.54413,-1.54669,-1.55051,-1.55224,-1.5476,-1.54914,-1.55337,-1.5472,-1.54902,2.56802,
-1.45692,-1.45135,-1.45484,-1.449,-1.45115,-1.45212,-1.45332,-1.44809,-1.44886,-1.44962,-1.45503,-1.44849,-1.44997,-1.45181,-1.45376,-1.45676,-1.4559,-1.45319,-1.45531,-1.45512,-1.44704,-1.45243,-1.4556,-1.45688,-1.45683,-1.45306,-1.45164,-1.45128,-1.451,-1.45095,-1.45511,-1.45042,-1.45239,-1.4533,-1.45628,-1.45094,-1.44926,-1.44907,-1.45175,-1.45378,-1.44831,-1.44982,-1.44742,-1.44776,-1.45157,-1.45536,-1.45228,-1.45442,-1.44845,-1.45467,-1.4493,-1.44864,-1.44695,-1.44691,-1.45091,-1.45293,-1.45412,-1.45382,-1.44868,-1.45666,-1.45308,-1.45589,-1.45029,-1.45629,-1.45683,-1.44784,-1.45402,-1.45405,-1.45113,-1.45016,-1.44871,-1.44982,-1.45207,-1.45472,-1.44965,-1.45222,-1.45232,-1.4475,-1.44964,-1.45572,-1.45102,-1.45299,-1.44974,-1.45093,-1.45127,-1.45321,-1.45526,-1.45452,-1.45262,-1.44906,-1.45178,-1.44703,-1.44957,-1.45336,-1.45508,-1.45048,-1.45201,-1.45621,-1.45008,-1.45189,2.91802,
-1.38339,-1.37786,-1.38132,-1.37553,-1.37766,-1.37862,-1.37981,-1.37462,-1.37539,-1.37614,-1.38151,-1.37501,-1.37649,-1.37832,-1.38025,-1.38323,-1.38238,-1.37968,-1.38179,-1.3816,-1.37358,-1.37894,-1.38208,-1.38335,-1.3833,-1.37956,-1.37815,-1.37779,-1.37751,-1.37746,-1.38159,-1.37694,-1.37889,-1.3798,-1.38275,-1.37745,-1.37578,-1.37559,-1.37826,-1.38027,-1.37484,-1.37634,-1.37396,-1.3743,-1.37808,-1.38184,-1.37879,-1.38091,-1.37498,-1.38116,-1.37582,-1.37517,-1.37349,-1.37345,-1.37742,-1.37942,-1.38061,-1.38031,-1.37521,-1.38313,-1.37958,-1.38236,-1.37681,-1.38276,-1.3833,-1.37437,-1.38051,-1.38054,-1.37764,-1.37667,-1.37523,-1.37634,-1.37858,-1.3812,-1.37617,-1.37873,-1.37882,-1.37404,-1.37616,-1.3822,-1.37753,-1.37949,-1.37626,-1.37744,-1.37778,-1.37971,-1.38174,-1.38101,-1.37912,-1.37559,-1.37828,-1.37357,-1.37609,-1.37986,-1.38157,-1.37699,-1.37851,-1.38268,-1.37659,-1.3784,-3.01516,
-1.33392,-1.32843,-1.33187,-1.32612,-1.32824,-1.32919,-1.33037,-1.32522,-1.32597,-1.32673,-1.33206,-1.32561,-1.32707,-1.32888,-1.3308,-1.33376,-1.33292,-1.33024,-1.33233,-1.33214,-1.32418,-1.3295,-1.33262,-1.33388,-1.33383,-1.33012,-1.32872,-1.32836,-1.32808,-1.32803,-1.33214,-1.32752,-1.32945,-1.33035,-1.33329,-1.32803,-1.32637,-1.32618,-1.32883,-1.33082,-1.32543,-1.32692,-1.32456,-1.32489,-1.32865,-1.33238,-1.32935,-1.33146,-1.32557,-1.33171,-1.3264,-1.32576,-1.32409,-1.32405,-1.32799,-1.32998,-1.33116,-1.33087,-1.3258,-1.33366,-1.33014,-1.3329,-1.32739,-1.3333,-1.33384,-1.32497,-1.33107,-1.3311,-1.32821,-1.32725,-1.32582,-1.32692,-1.32914,-1.33175,-1.32675,-1.32929,-1.32939,-1.32463,-1.32675,-1.33274,-1.32811,-1.33005,-1.32684,-1.32802,-1.32835,-1.33027,-1.33229,-1.33156,-1.32969,-1.32617,-1.32885,-1.32417,-1.32668,-1.33042,-1.33211,-1.32757,-1.32908,-1.33322,-1.32717,-1.32896,-2.66516,
-1.30602,-1.30057,-1.30398,-1.29827,-1.30038,-1.30132,-1.3025,-1.29738,-1.29813,-1.29888,-1.30417,-1.29776,-1.29922,-1.30102,-1.30293,-1.30587,-1.30503,-1.30237,-1.30444,-1.30426,-1.29635,-1.30163,-1.30473,-1.30599,-1.30594,-1.30225,-1.30086,-1.3005,-1.30022,-1.30018,-1.30425,-1.29966,-1.30159,-1.30248,-1.3054,-1.30017,-1.29852,-1.29833,-1.30096,-1.30294,-1.29759,-1.29907,-1.29673,-1.29706,-1.30079,-1.3045,-1.30148,-1.30358,-1.29773,-1.30382,-1.29856,-1.29792,-1.29626,-1.29622,-1.30014,-1.30211,-1.30328,-1.30299,-1.29796,-1.30577,-1.30226,-1.30501,-1.29953,-1.30541,-1.30594,-1.29713,-1.30319,-1.30322,-1.30035,-1.2994,-1.29798,-1.29907,-1.30128,-1.30387,-1.29891,-1.30143,-1.30152,-1.2968,-1.2989,-1.30485,-1.30025,-1.30218,-1.29899,-1.30016,-1.30049,-1.3024,-1.3044,-1.30367,-1.30182,-1.29833,-1.30099,-1.29634,-1.29883,-1.30254,-1.30423,-1.29972,-1.30122,-1.30533,-1.29932,-1.3011,-2.31516,
-1.29459,-1.28917,-1.29256,-1.28689,-1.28898,-1.28992,-1.29108,-1.286,-1.28675,-1.28749,-1.29275,-1.28638,-1.28783,-1.28962,-1.29151,-1.29443,-1.29359,-1.29095,-1.29302,-1.29283,-1.28498,-1.29022,-1.2933,-1.29455,-1.2945,-1.29083,-1.28946,-1.2891,-1.28883,-1.28878,-1.29283,-1.28827,-1.29018,-1.29107,-1.29396,-1.28877,-1.28714,-1.28695,-1.28956,-1.29153,-1.28621,-1.28768,-1.28535,-1.28568,-1.28939,-1.29307,-1.29008,-1.29215,-1.28635,-1.2924,-1.28717,-1.28654,-1.28489,-1.28485,-1.28874,-1.2907,-1.29186,-1.29157,-1.28657,-1.29433,-1.29085,-1.29358,-1.28814,-1.29397,-1.2945,-1.28576,-1.29177,-1.2918,-1.28895,-1.28801,-1.2866,-1.28768,-1.28987,-1.29244,-1.28752,-1.29002,-1.29011,-1.28543,-1.28751,-1.29342,-1.28885,-1.29077,-1.2876,-1.28876,-1.28909,-1.29098,-1.29297,-1.29225,-1.29041,-1.28694,-1.28959,-1.28497,-1.28744,-1.29113,-1.2928,-1.28832,-1.28981,-1.29389,-1.28793,-1.2897,-1.96516,
-1.2925,-1.28712,-1.29049,-1.28486,-1.28693,-1.28787,-1.28902,-1.28398,-1.28472,-1.28545,-1.29068,-1.28436,-1.28579,-1.28757,-1.28945,-1.29235,-1.29152,-1.2889,-1.29094,-1.29076,-1.28297,-1.28817,-1.29123,-1.29246,-1.29241,-1.28877,-1.28741,-1.28706,-1.28678,-1.28673,-1.29076,-1.28623,-1.28812,-1.28901,-1.29188,-1.28673,-1.2851,-1.28492,-1.28751,-1.28946,-1.28418,-1.28564,-1.28333,-1.28366,-1.28734,-1.29099,-1.28802,-1.29009,-1.28432,-1.29033,-1.28514,-1.28451,-1.28287,-1.28284,-1.2867,-1.28864,-1.2898,-1.28951,-1.28455,-1.29225,-1.28879,-1.2915,-1.2861,-1.29189,-1.29242,-1.28373,-1.28971,-1.28973,-1.28691,-1.28597,-1.28457,-1.28564,-1.28782,-1.29037,-1.28548,-1.28797,-1.28806,-1.28341,-1.28547,-1.29134,-1.28681,-1.28871,-1.28556,-1.28672,-1.28704,-1.28892,-1.2909,-1.29018,-1.28835,-1.28491,-1.28754,-1.28295,-1.28541,-1.28907,-1.29073,-1.28628,-1.28776,-1.29181,-1.28589,-1.28765,-1.61516,
-1.29153,-1.28619,-1.28954,-1.28394,-1.286,-1.28693,-1.28808,-1.28307,-1.2838,-1.28453,-1.28972,-1.28344,-1.28487,-1.28663,-1.2885,-1.29138,-1.29055,-1.28795,-1.28999,-1.2898,-1.28206,-1.28723,-1.29027,-1.29149,-1.29145,-1.28783,-1.28647,-1.28613,-1.28585,-1.28581,-1.2898,-1.2853,-1.28719,-1.28806,-1.29092,-1.2858,-1.28419,-1.284,-1.28658,-1.28852,-1.28327,-1.28472,-1.28243,-1.28275,-1.28641,-1.29004,-1.28709,-1.28913,-1.28341,-1.28938,-1.28422,-1.2836,-1.28197,-1.28194,-1.28577,-1.2877,-1.28885,-1.28856,-1.28363,-1.29128,-1.28785,-1.29054,-1.28518,-1.29093,-1.29145,-1.28283,-1.28876,-1.28878,-1.28598,-1.28505,-1.28366,-1.28472,-1.28689,-1.28942,-1.28456,-1.28703,-1.28712,-1.2825,-1.28456,-1.29038,-1.28588,-1.28777,-1.28464,-1.28579,-1.28611,-1.28798,-1.28994,-1.28923,-1.28741,-1.284,-1.2866,-1.28205,-1.28449,-1.28812,-1.28977,-1.28536,-1.28682,-1.29085,-1.28497,-1.28671,-1.26516,
-1.28331,-1.278,-1.28132,-1.27577,-1.27781,-1.27873,-1.27988,-1.2749,-1.27563,-1.27636,-1.28151,-1.27527,-1.27669,-1.27844,-1.28029,-1.28315,-1.28233,-1.27975,-1.28177,-1.28159,-1.2739,-1.27903,-1.28205,-1.28327,-1.28322,-1.27963,-1.27828,-1.27794,-1.27767,-1.27762,-1.28158,-1.27712,-1.27899,-1.27986,-1.28269,-1.27761,-1.27601,-1.27583,-1.27839,-1.28031,-1.2751,-1.27654,-1.27426,-1.27459,-1.27821,-1.28182,-1.27889,-1.28092,-1.27524,-1.28117,-1.27605,-1.27543,-1.27381,-1.27378,-1.27758,-1.2795,-1.28064,-1.28035,-1.27546,-1.28306,-1.27965,-1.28232,-1.27699,-1.2827,-1.28322,-1.27466,-1.28055,-1.28058,-1.27779,-1.27687,-1.27549,-1.27654,-1.27869,-1.28121,-1.27638,-1.27883,-1.27893,-1.27434,-1.27638,-1.28216,-1.27769,-1.27957,-1.27646,-1.2776,-1.27792,-1.27978,-1.28173,-1.28102,-1.27921,-1.27582,-1.27841,-1.27389,-1.27631,-1.27992,-1.28156,-1.27717,-1.27863,-1.28263,-1.27679,-1.27852,-0.915162,
-1.26033,-1.25506,-1.25836,-1.25284,-1.25487,-1.25579,-1.25692,-1.25198,-1.2527,-1.25342,-1.25854,-1.25235,-1.25376,-1.25549,-1.25733,-1.26017,-1.25936,-1.25679,-1.2588,-1.25862,-1.25099,-1.25608,-1.25908,-1.26029,-1.26024,-1.25668,-1.25534,-1.25499,-1.25472,-1.25468,-1.25862,-1.25418,-1.25604,-1.2569,-1.25972,-1.25467,-1.25308,-1.2529,-1.25544,-1.25735,-1.25218,-1.25361,-1.25135,-1.25167,-1.25527,-1.25885,-1.25594,-1.25796,-1.25232,-1.2582,-1.25312,-1.2525,-1.25089,-1.25086,-1.25464,-1.25655,-1.25768,-1.25739,-1.25254,-1.26008,-1.25669,-1.25935,-1.25406,-1.25973,-1.26024,-1.25174,-1.25759,-1.25761,-1.25485,-1.25393,-1.25256,-1.25361,-1.25574,-1.25824,-1.25345,-1.25589,-1.25598,-1.25142,-1.25344,-1.25919,-1.25475,-1.25661,-1.25353,-1.25466,-1.25498,-1.25682,-1.25876,-1.25806,-1.25626,-1.2529,-1.25546,-1.25097,-1.25338,-1.25696,-1.25859,-1.25423,-1.25568,-1.25965,-1.25385,-1.25557,-0.565162,
-1.21689,-1.21166,-1.21493,-1.20945,-1.21147,-1.21238,-1.2135,-1.2086,-1.20932,-1.21003,-1.21511,-1.20897,-1.21036,-1.21209,-1.21391,-1.21674,-1.21593,-1.21338,-1.21537,-1.21519,-1.20761,-1.21267,-1.21565,-1.21685,-1.2168,-1.21326,-1.21193,-1.21159,-1.21133,-1.21128,-1.21519,-1.21079,-1.21263,-1.21349,-1.21628,-1.21127,-1.20969,-1.20951,-1.21203,-1.21393,-1.2088,-1.21022,-1.20797,-1.20829,-1.21187,-1.21542,-1.21253,-1.21454,-1.20893,-1.21478,-1.20973,-1.20912,-1.20752,-1.20749,-1.21124,-1.21314,-1.21426,-1.21398,-1.20915,-1.21664,-1.21328,-1.21592,-1.21066,-1.21629,-1.2168,-1.20836,-1.21417,-1.21419,-1.21145,-1.21054,-1.20918,-1.21022,-1.21234,-1.21482,-1.21006,-1.21248,-1.21257,-1.20804,-1.21005,-1.21576,-1.21135,-1.2132,-1.21014,-1.21126,-1.21158,-1.21341,-1.21533,-1.21463,-1.21285,-1.20951,-1.21206,-1.2076,-1.20999,-1.21355,-1.21516,-1.21084,-1.21228,-1.21622,-1.21046,-1.21216,-0.215162,
-1.14976,-1.14457,-1.14782,-1.14238,-1.14439,-1.14529,-1.14641,-1.14153,-1.14225,-1.14296,-1.148,-1.1419,-1.14329,-1.145,-1.14681,-1.14961,-1.14881,-1.14628,-1.14826,-1.14808,-1.14056,-1.14558,-1.14854,-1.14973,-1.14968,-1.14617,-1.14485,-1.14451,-1.14424,-1.1442,-1.14808,-1.14371,-1.14554,-1.14639,-1.14917,-1.14419,-1.14262,-1.14244,-1.14495,-1.14683,-1.14173,-1.14314,-1.14091,-1.14123,-1.14478,-1.14831,-1.14544,-1.14743,-1.14187,-1.14767,-1.14266,-1.14205,-1.14046,-1.14043,-1.14416,-1.14604,-1.14715,-1.14687,-1.14208,-1.14952,-1.14618,-1.1488,-1.14358,-1.14918,-1.14968,-1.1413,-1.14706,-1.14709,-1.14436,-1.14346,-1.14211,-1.14314,-1.14525,-1.14771,-1.14299,-1.14539,-1.14548,-1.14098,-1.14298,-1.14864,-1.14427,-1.1461,-1.14307,-1.14418,-1.1445,-1.14631,-1.14822,-1.14753,-1.14576,-1.14244,-1.14497,-1.14054,-1.14291,-1.14645,-1.14805,-1.14376,-1.14519,-1.1491,-1.14338,-1.14508,0.134838,
-1.05861,-1.05345,-1.05668,-1.05128,-1.05327,-1.05416,-1.05527,-1.05043,-1.05114,-1.05185,-1.05686,-1.0508,-1.05217,-1.05388,-1.05568,-1.05846,-1.05766,-1.05515,-1.05711,-1.05694,-1.04946,-1.05445,-1.05739,-1.05857,-1.05852,-1.05503,-1.05372,-1.05339,-1.05312,-1.05308,-1.05693,-1.05259,-1.05441,-1.05526,-1.05801,-1.05307,-1.05151,-1.05133,-1.05382,-1.05569,-1.05063,-1.05203,-1.04981,-1.05013,-1.05366,-1.05716,-1.05431,-1.05629,-1.05077,-1.05653,-1.05155,-1.05095,-1.04937,-1.04934,-1.05304,-1.05491,-1.05601,-1.05574,-1.05098,-1.05836,-1.05505,-1.05765,-1.05247,-1.05802,-1.05853,-1.0502,-1.05593,-1.05595,-1.05324,-1.05235,-1.051,-1.05203,-1.05412,-1.05657,-1.05188,-1.05426,-1.05435,-1.04989,-1.05187,-1.05749,-1.05315,-1.05497,-1.05195,-1.05306,-1.05337,-1.05518,-1.05707,-1.05638,-1.05463,-1.05133,-1.05385,-1.04945,-1.0518,-1.05531,-1.05691,-1.05264,-1.05406,-1.05795,-1.05227,-1.05395,0.484838,
-0.945975,-0.940854,-0.94406,-0.938696,-0.940672,-0.941561,-0.942663,-0.937857,-0.938564,-0.939265,-0.944238,-0.93822,-0.939587,-0.941277,-0.943065,-0.945827,-0.945037,-0.942542,-0.944492,-0.944316,-0.936895,-0.94185,-0.944764,-0.945938,-0.945892,-0.942427,-0.941124,-0.94079,-0.940529,-0.940483,-0.944312,-0.940002,-0.941807,-0.942648,-0.945385,-0.940479,-0.938931,-0.938753,-0.941224,-0.943083,-0.938054,-0.939443,-0.937244,-0.937557,-0.941059,-0.944539,-0.941712,-0.943676,-0.938188,-0.94391,-0.938965,-0.938367,-0.936804,-0.936772,-0.940446,-0.942302,-0.943399,-0.943124,-0.9384,-0.945733,-0.942444,-0.945025,-0.939879,-0.945394,-0.945894,-0.937627,-0.943313,-0.943339,-0.940648,-0.939757,-0.938424,-0.939445,-0.941519,-0.943949,-0.939291,-0.941658,-0.941746,-0.937314,-0.939284,-0.94487,-0.940553,-0.942364,-0.939369,-0.940468,-0.940779,-0.942568,-0.944451,-0.943768,-0.942024,-0.938751,-0.941247,-0.936879,-0.93922,-0.942704,-0.944287,-0.940052,-0.94146,-0.945319,-0.939681,-0.941351,0.834838,
-0.817034,-0.811949,-0.815132,-0.809806,-0.811768,-0.812651,-0.813746,-0.808972,-0.809675,-0.810371,-0.81531,-0.809333,-0.81069,-0.812369,-0.814145,-0.816887,-0.816103,-0.813625,-0.815561,-0.815386,-0.808017,-0.812938,-0.815832,-0.816998,-0.816952,-0.81351,-0.812217,-0.811885,-0.811627,-0.811581,-0.815383,-0.811103,-0.812895,-0.81373,-0.816449,-0.811576,-0.810039,-0.809863,-0.812316,-0.814163,-0.809168,-0.810548,-0.808364,-0.808674,-0.812153,-0.815609,-0.812801,-0.814751,-0.809301,-0.814983,-0.810073,-0.809479,-0.807928,-0.807896,-0.811544,-0.813387,-0.814476,-0.814203,-0.809512,-0.816794,-0.813528,-0.816091,-0.810981,-0.816457,-0.816953,-0.808745,-0.814391,-0.814417,-0.811744,-0.810859,-0.809536,-0.810549,-0.812609,-0.815022,-0.810396,-0.812747,-0.812835,-0.808434,-0.81039,-0.815937,-0.81165,-0.813448,-0.810474,-0.811566,-0.811875,-0.813651,-0.815521,-0.814843,-0.813111,-0.80986,-0.812339,-0.808001,-0.810327,-0.813786,-0.815357,-0.811153,-0.812551,-0.816382,-0.810785,-0.812442,1.18484,
-0.678928,-0.673878,-0.677039,-0.67175,-0.673698,-0.674575,-0.675662,-0.670922,-0.671619,-0.67231,-0.677215,-0.67128,-0.672628,-0.674295,-0.676058,-0.678781,-0.678003,-0.675542,-0.677465,-0.677291,-0.669973,-0.67486,-0.677733,-0.678891,-0.678846,-0.675428,-0.674144,-0.673814,-0.673558,-0.673512,-0.677288,-0.673038,-0.674817,-0.675646,-0.678346,-0.673508,-0.671982,-0.671806,-0.674242,-0.676076,-0.671117,-0.672486,-0.670318,-0.670626,-0.67408,-0.677512,-0.674723,-0.67666,-0.671248,-0.676891,-0.672015,-0.671425,-0.669884,-0.669853,-0.673476,-0.675306,-0.676387,-0.676116,-0.671458,-0.678689,-0.675445,-0.677991,-0.672916,-0.678354,-0.678847,-0.670696,-0.676302,-0.676328,-0.673674,-0.672796,-0.671482,-0.672488,-0.674533,-0.676929,-0.672336,-0.67467,-0.674758,-0.670387,-0.67233,-0.677838,-0.67358,-0.675366,-0.672413,-0.673497,-0.673804,-0.675568,-0.677425,-0.676751,-0.675031,-0.671803,-0.674265,-0.669958,-0.672267,-0.675702,-0.677262,-0.673087,-0.674475,-0.67828,-0.672721,-0.674368,1.53484,
-0.53991,-0.534895,-0.538034,-0.532782,-0.534717,-0.535587,-0.536667,-0.53196,-0.532652,-0.533339,-0.538209,-0.532315,-0.533654,-0.535309,-0.53706,-0.539764,-0.538991,-0.536547,-0.538457,-0.538284,-0.531018,-0.53587,-0.538724,-0.539873,-0.539828,-0.536435,-0.535159,-0.534832,-0.534577,-0.534532,-0.538281,-0.534061,-0.535828,-0.536651,-0.539332,-0.534527,-0.533012,-0.532837,-0.535257,-0.537078,-0.532153,-0.533513,-0.531359,-0.531666,-0.535096,-0.538504,-0.535735,-0.537658,-0.532284,-0.537887,-0.533045,-0.532459,-0.530929,-0.530898,-0.534495,-0.536313,-0.537387,-0.537118,-0.532492,-0.539673,-0.536452,-0.538979,-0.53394,-0.53934,-0.53983,-0.531735,-0.537302,-0.537328,-0.534693,-0.53382,-0.532515,-0.533515,-0.535546,-0.537925,-0.533364,-0.535682,-0.535769,-0.531429,-0.533358,-0.538827,-0.5346,-0.536373,-0.53344,-0.534517,-0.534822,-0.536573,-0.538417,-0.537748,-0.536041,-0.532835,-0.53528,-0.531002,-0.533295,-0.536707,-0.538256,-0.534109,-0.535488,-0.539267,-0.533747,-0.535381,1.88484,
-0.408345,-0.403365,-0.406482,-0.401267,-0.403188,-0.404053,-0.405125,-0.400451,-0.401138,-0.40182,-0.406656,-0.400804,-0.402133,-0.403777,-0.405515,-0.408201,-0.407433,-0.405006,-0.406903,-0.406731,-0.399515,-0.404334,-0.407167,-0.408309,-0.408264,-0.404894,-0.403628,-0.403303,-0.40305,-0.403005,-0.406728,-0.402537,-0.404292,-0.405109,-0.407771,-0.403,-0.401495,-0.401322,-0.403725,-0.405533,-0.400642,-0.401993,-0.399855,-0.400159,-0.403565,-0.406949,-0.404199,-0.406109,-0.400772,-0.406336,-0.401528,-0.400946,-0.399427,-0.399396,-0.402969,-0.404773,-0.40584,-0.405573,-0.400979,-0.40811,-0.404911,-0.407421,-0.402417,-0.40778,-0.408266,-0.400227,-0.405756,-0.405782,-0.403164,-0.402298,-0.401002,-0.401995,-0.404011,-0.406374,-0.401845,-0.404147,-0.404233,-0.399923,-0.401839,-0.40727,-0.403072,-0.404833,-0.401921,-0.40299,-0.403293,-0.405032,-0.406863,-0.406199,-0.404503,-0.40132,-0.403747,-0.3995,-0.401776,-0.405164,-0.406703,-0.402585,-0.403954,-0.407706,-0.402225,-0.403848,2.23484,
-0.291695,-0.28675,-0.289845,-0.284666,-0.286575,-0.287433,-0.288497,-0.283856,-0.284539,-0.285215,-0.290018,-0.284206,-0.285526,-0.287159,-0.288885,-0.291552,-0.290789,-0.28838,-0.290263,-0.290093,-0.282927,-0.287712,-0.290526,-0.291659,-0.291615,-0.288269,-0.287011,-0.286688,-0.286437,-0.286392,-0.29009,-0.285928,-0.28767,-0.288482,-0.291126,-0.286388,-0.284893,-0.284721,-0.287107,-0.288903,-0.284046,-0.285388,-0.283264,-0.283566,-0.286948,-0.290309,-0.287578,-0.289475,-0.284176,-0.289701,-0.284926,-0.284348,-0.28284,-0.282809,-0.286356,-0.288148,-0.289207,-0.288942,-0.28438,-0.291462,-0.288285,-0.290778,-0.285809,-0.291134,-0.291616,-0.283634,-0.289124,-0.28915,-0.286551,-0.285691,-0.284404,-0.285389,-0.287392,-0.289738,-0.28524,-0.287526,-0.287612,-0.283332,-0.285234,-0.290628,-0.286459,-0.288208,-0.285316,-0.286377,-0.286678,-0.288405,-0.290224,-0.289564,-0.28788,-0.284719,-0.28713,-0.282912,-0.285172,-0.288537,-0.290065,-0.285976,-0.287335,-0.291061,-0.285618,-0.28723,2.58484,
-0.195613,-0.190702,-0.193776,-0.188633,-0.190528,-0.191381,-0.192437,-0.187828,-0.188506,-0.189178,-0.193948,-0.188176,-0.189487,-0.191108,-0.192823,-0.195471,-0.194713,-0.192321,-0.194191,-0.194021,-0.186906,-0.191657,-0.194452,-0.195577,-0.195533,-0.19221,-0.190961,-0.190641,-0.190391,-0.190347,-0.194018,-0.189886,-0.191616,-0.192422,-0.195047,-0.190343,-0.188859,-0.188688,-0.191057,-0.19284,-0.188017,-0.189349,-0.18724,-0.187541,-0.190899,-0.194236,-0.191525,-0.193408,-0.188146,-0.193632,-0.188891,-0.188317,-0.186819,-0.186789,-0.190311,-0.192091,-0.193142,-0.192879,-0.188349,-0.195381,-0.192227,-0.194702,-0.189767,-0.195055,-0.195535,-0.187608,-0.19306,-0.193085,-0.190504,-0.18965,-0.188372,-0.189351,-0.19134,-0.19367,-0.189203,-0.191473,-0.191558,-0.187308,-0.189197,-0.194553,-0.190413,-0.19215,-0.189278,-0.190332,-0.190631,-0.192346,-0.194152,-0.193497,-0.191824,-0.188685,-0.191079,-0.186891,-0.189136,-0.192476,-0.193994,-0.189933,-0.191283,-0.194983,-0.189578,-0.191179,2.93484,
-0.123257,-0.118381,-0.121433,-0.116326,-0.118208,-0.119054,-0.120104,-0.115527,-0.1162,-0.116867,-0.121603,-0.115872,-0.117174,-0.118784,-0.120486,-0.123116,-0.122364,-0.119988,-0.121845,-0.121677,-0.114611,-0.119329,-0.122104,-0.123222,-0.123178,-0.119878,-0.118638,-0.118319,-0.118072,-0.118028,-0.121674,-0.11757,-0.119288,-0.120089,-0.122695,-0.118024,-0.11655,-0.11638,-0.118733,-0.120503,-0.115715,-0.117037,-0.114943,-0.115241,-0.118576,-0.12189,-0.119197,-0.121067,-0.115842,-0.12129,-0.116582,-0.116012,-0.114525,-0.114494,-0.117993,-0.11976,-0.120804,-0.120542,-0.116044,-0.123027,-0.119895,-0.122352,-0.117452,-0.122703,-0.123179,-0.115308,-0.120722,-0.120747,-0.118184,-0.117336,-0.116067,-0.117039,-0.119014,-0.121327,-0.116892,-0.119146,-0.119231,-0.11501,-0.116886,-0.122205,-0.118094,-0.119818,-0.116967,-0.118013,-0.11831,-0.120013,-0.121806,-0.121156,-0.119495,-0.116378,-0.118755,-0.114596,-0.116825,-0.120142,-0.121649,-0.117617,-0.118958,-0.122632,-0.117264,-0.118854,-2.99835,
-0.0749098,-0.0700675,-0.0730984,-0.0680269,-0.0698955,-0.0707362,-0.0717782,-0.0672333,-0.067902,-0.0685647,-0.0732675,-0.0675765,-0.0688691,-0.0704676,-0.0721583,-0.0747695,-0.0740227,-0.0716631,-0.0735071,-0.0733404,-0.0663237,-0.0710093,-0.0737646,-0.0748746,-0.0748313,-0.0715543,-0.0703229,-0.0700065,-0.0697605,-0.0697169,-0.0733374,-0.069262,-0.0709685,-0.0717633,-0.0743519,-0.0697127,-0.0682493,-0.0680809,-0.070417,-0.0721752,-0.0674198,-0.0687333,-0.0666537,-0.0669495,-0.0702614,-0.073552,-0.0708783,-0.0727352,-0.0675463,-0.0729565,-0.068281,-0.0677153,-0.0662383,-0.0662081,-0.0696818,-0.0714367,-0.0724735,-0.0722139,-0.067747,-0.074681,-0.0715706,-0.0740112,-0.0691455,-0.0743599,-0.0748325,-0.0670163,-0.0723923,-0.0724173,-0.0698721,-0.0690299,-0.0677698,-0.0687349,-0.0706958,-0.0729933,-0.068589,-0.0708273,-0.0709112,-0.0667205,-0.0685831,-0.0738646,-0.0697824,-0.0714948,-0.068663,-0.0697023,-0.0699967,-0.0716884,-0.0734688,-0.0728228,-0.0711737,-0.0680785,-0.0704391,-0.0663087,-0.0685226,-0.0718168,-0.073313,-0.0693091,-0.0706403,-0.0742888,-0.0689587,-0.0705373,-2.64835,
-0.0479416,-0.0431331,-0.0461429,-0.0411068,-0.0429623,-0.0437972,-0.0448319,-0.0403187,-0.0409827,-0.0416408,-0.0463108,-0.0406595,-0.0419431,-0.0435305,-0.0452094,-0.0478023,-0.0470608,-0.0447176,-0.0465487,-0.0463832,-0.0394155,-0.0440683,-0.0468044,-0.0479068,-0.0478637,-0.0446096,-0.0433868,-0.0430726,-0.0428283,-0.042785,-0.0463802,-0.0423333,-0.0440279,-0.0448171,-0.0473876,-0.0427808,-0.0413276,-0.0411604,-0.0434802,-0.0452262,-0.040504,-0.0418083,-0.0397431,-0.0400369,-0.0433257,-0.0465934,-0.0439383,-0.0457822,-0.0406295,-0.046002,-0.0413591,-0.0407974,-0.0393306,-0.0393007,-0.0427502,-0.0444928,-0.0455223,-0.0452646,-0.0408288,-0.0477145,-0.0446257,-0.0470494,-0.0422176,-0.0473956,-0.0478649,-0.0401032,-0.0454417,-0.0454666,-0.0429391,-0.0421028,-0.0408515,-0.0418098,-0.0437571,-0.0460386,-0.041665,-0.0438877,-0.043971,-0.0398095,-0.0416591,-0.0469038,-0.04285,-0.0445505,-0.0417385,-0.0427705,-0.0430629,-0.0447427,-0.0465107,-0.0458692,-0.0442317,-0.041158,-0.0435022,-0.0394005,-0.041599,-0.0448702,-0.046356,-0.04238,-0.0437019,-0.047325,-0.042032,-0.0435997,-2.29835,
-0.0371313,-0.0323564,-0.0353452,-0.0303441,-0.0321868,-0.0330158,-0.0340433,-0.0295616,-0.030221,-0.0308745,-0.0355119,-0.0299,-0.0311746,-0.032751,-0.0344181,-0.036993,-0.0362566,-0.0339298,-0.0357481,-0.0355838,-0.0286647,-0.0332851,-0.0360021,-0.0370967,-0.0370539,-0.0338225,-0.0326082,-0.0322963,-0.0320536,-0.0320106,-0.0355808,-0.0315621,-0.0332449,-0.0340286,-0.0365812,-0.0320065,-0.0305634,-0.0303974,-0.032701,-0.0344348,-0.0297456,-0.0310408,-0.02899,-0.0292818,-0.0325476,-0.0357925,-0.0331559,-0.034987,-0.0298703,-0.0352053,-0.0305948,-0.0300369,-0.0285804,-0.0285507,-0.0319761,-0.0337066,-0.0347289,-0.034473,-0.0300682,-0.0369058,-0.0338386,-0.0362453,-0.0314472,-0.0365891,-0.0370552,-0.0293476,-0.0346488,-0.0346736,-0.0321637,-0.0313332,-0.0300907,-0.0310423,-0.032976,-0.0352416,-0.0308985,-0.0331057,-0.0331884,-0.029056,-0.0308926,-0.0361007,-0.0320753,-0.0337639,-0.0309714,-0.0319963,-0.0322866,-0.0339547,-0.0357104,-0.0350734,-0.0334472,-0.030395,-0.0327229,-0.0286498,-0.0308329,-0.0340814,-0.0355567,-0.0316085,-0.0329212,-0.036519,-0.031263,-0.0328197,-1.94835,
-0.0352983,-0.0305566,-0.0335246,-0.0285584,-0.0303882,-0.0312115,-0.0322318,-0.0277813,-0.0284361,-0.029085,-0.0336901,-0.0281173,-0.0293831,-0.0309485,-0.032604,-0.0351609,-0.0344297,-0.032119,-0.0339247,-0.0337615,-0.0268907,-0.0314788,-0.0341769,-0.0352639,-0.0352214,-0.0320125,-0.0308067,-0.0304969,-0.030256,-0.0302133,-0.0337586,-0.0297679,-0.0314389,-0.0322172,-0.034752,-0.0302092,-0.0287762,-0.0286113,-0.0308988,-0.0326205,-0.027964,-0.0292502,-0.0272137,-0.0275034,-0.0307465,-0.0339688,-0.0313506,-0.0331689,-0.0280878,-0.0333856,-0.0288073,-0.0282534,-0.026807,-0.0267775,-0.030179,-0.0318974,-0.0329126,-0.0326585,-0.0282844,-0.0350743,-0.0320285,-0.0344184,-0.0296538,-0.0347598,-0.0352226,-0.0275688,-0.0328331,-0.0328576,-0.0303653,-0.0295406,-0.0283067,-0.0292517,-0.0311719,-0.0334217,-0.0291089,-0.0313007,-0.0313828,-0.0272792,-0.0291031,-0.0342749,-0.0302774,-0.0319543,-0.0291813,-0.030199,-0.0304873,-0.0321438,-0.0338873,-0.0332546,-0.0316399,-0.0286089,-0.0309205,-0.0268759,-0.0290438,-0.0322696,-0.0337346,-0.029814,-0.0311175,-0.0346902,-0.0294708,-0.0310167,-1.59835,
-0.0341733,-0.0294647,-0.0324119,-0.0274804,-0.0292974,-0.030115,-0.0311282,-0.0267087,-0.027359,-0.0280034,-0.0325763,-0.0270424,-0.0282993,-0.0298538,-0.0314978,-0.0340368,-0.0333107,-0.0310162,-0.0328093,-0.0326472,-0.0258243,-0.0303805,-0.0330597,-0.0341391,-0.0340969,-0.0309104,-0.029713,-0.0294054,-0.0291662,-0.0291237,-0.0326443,-0.0286815,-0.0303408,-0.0311137,-0.0336308,-0.0291197,-0.0276967,-0.0275329,-0.0298045,-0.0315142,-0.0268902,-0.0281674,-0.0261451,-0.0264328,-0.0296533,-0.032853,-0.0302531,-0.0320587,-0.0270131,-0.032274,-0.0277276,-0.0271775,-0.0257412,-0.0257119,-0.0290897,-0.0307961,-0.0318042,-0.0315519,-0.0272083,-0.0339509,-0.0309263,-0.0332995,-0.0285682,-0.0336386,-0.0340981,-0.0264977,-0.0317253,-0.0317497,-0.0292747,-0.0284558,-0.0272305,-0.0281689,-0.0300757,-0.0323097,-0.0280271,-0.0302036,-0.0302851,-0.0262102,-0.0280213,-0.033157,-0.0291875,-0.0308526,-0.028099,-0.0291096,-0.0293959,-0.0310408,-0.0327721,-0.0321439,-0.0305404,-0.0275306,-0.0298261,-0.0258097,-0.0279624,-0.0311657,-0.0326206,-0.0287272,-0.0300217,-0.0335695,-0.0283865,-0.0299215,-1.24835,
-0.0254014,-0.0207256,-0.0236524,-0.0187552,-0.0205595,-0.0213714,-0.0223776,-0.0179889,-0.0186346,-0.0192745,-0.0238156,-0.0183203,-0.0195684,-0.021112,-0.0227445,-0.0252659,-0.0245449,-0.0222664,-0.0240469,-0.023886,-0.0171107,-0.021635,-0.0242956,-0.0253675,-0.0253256,-0.0221613,-0.0209723,-0.0206668,-0.0204292,-0.0203871,-0.0238831,-0.0199479,-0.0215957,-0.0223632,-0.0248627,-0.020383,-0.01897,-0.0188074,-0.0210631,-0.0227609,-0.0181691,-0.0194374,-0.0174293,-0.0177149,-0.0209129,-0.0240904,-0.0215086,-0.0233016,-0.0182912,-0.0235153,-0.0190006,-0.0184544,-0.0170282,-0.016999,-0.0203533,-0.0220478,-0.0230489,-0.0227983,-0.018485,-0.0251805,-0.022177,-0.0245337,-0.0198354,-0.0248704,-0.0253268,-0.0177794,-0.0229705,-0.0229947,-0.020537,-0.0197238,-0.018507,-0.0194389,-0.0213324,-0.0235509,-0.0192981,-0.0214594,-0.0215403,-0.0174938,-0.0192923,-0.0243922,-0.0204504,-0.0221039,-0.0193695,-0.020373,-0.0206573,-0.0222908,-0.02401,-0.0233862,-0.0217938,-0.018805,-0.0210845,-0.0170961,-0.0192339,-0.0224148,-0.0238595,-0.0199933,-0.0212788,-0.0248018,-0.019655,-0.0211793,-0.898347,
-0.00155489,0.00308822,0.000181927,0.00504489,0.00325316,0.00244696,0.00144783,0.00580587,0.00516466,0.00452922,1.98563e-005,0.00547678,0.00423735,0.00270451,0.0010834,-0.00142037,-0.000704345,0.00155824,-0.00020989,-5.00814e-005,0.00667797,0.00218517,-0.000456819,-0.00152122,-0.00147962,0.00166257,0.0028433,0.00314666,0.00338259,0.00342442,-4.72139e-005,0.00386053,0.00222425,0.00146213,-0.00101995,0.00342844,0.00483164,0.00499312,0.0027531,0.00106717,0.00562695,0.0043675,0.00636161,0.00607793,0.00290224,-0.000253024,0.00231076,0.000530216,0.00550569,0.000318002,0.00480119,0.0053436,0.00675992,0.00678882,0.00345801,0.00177529,0.000781195,0.00103005,0.00531325,-0.00133558,0.00164694,-0.000693308,0.00397226,-0.00102764,-0.00148081,0.00601394,0.000859049,0.000835017,0.00327553,0.00408311,0.00529138,0.00436602,0.00248572,0.00028271,0.00450584,0.0023596,0.0022792,0.0062975,0.00451156,-0.00055276,0.00336158,0.00171957,0.00443492,0.00343837,0.00315606,0.00153401,-0.000173229,0.000446248,0.00202747,0.00499543,0.00273184,0.00669243,0.00456959,0.00141085,-2.37768e-005,0.00381542,0.00253896,-0.000959493,0.00415143,0.00263772,-0.548347,
0.042966,0.0475767,0.0446907,0.0495198,0.0477405,0.04694,0.0459478,0.0502754,0.0496387,0.0490077,0.0445298,0.0499486,0.0487179,0.0471957,0.0455859,0.0430996,0.0438106,0.0460574,0.0443016,0.0444603,0.0511415,0.04668,0.0440564,0.0429995,0.0430408,0.046161,0.0473335,0.0476348,0.0478691,0.0479106,0.0444632,0.0483437,0.0467188,0.045962,0.0434972,0.0479146,0.049308,0.0494684,0.047244,0.0455698,0.0500978,0.0488471,0.0508273,0.0505456,0.0473921,0.0442588,0.0468047,0.0450366,0.0499774,0.0448258,0.0492778,0.0498164,0.0512228,0.0512515,0.047944,0.046273,0.0452858,0.0455329,0.0497862,0.0431838,0.0461455,0.0438216,0.0484546,0.0434896,0.0430396,0.0504821,0.0453631,0.0453393,0.0477627,0.0485647,0.0497645,0.0488456,0.0469784,0.0447908,0.0489845,0.0468532,0.0467734,0.0507636,0.0489902,0.0439612,0.0478482,0.0462176,0.048914,0.0479244,0.0476441,0.0460334,0.044338,0.0449532,0.0465234,0.0494707,0.0472228,0.0511558,0.0490478,0.0459111,0.0444865,0.0482989,0.0470313,0.0435573,0.0486325,0.0471294,-0.198347,
0.111254,0.115833,0.112967,0.117762,0.115996,0.115201,0.114215,0.118513,0.11788,0.117254,0.112807,0.118188,0.116966,0.115454,0.113856,0.111387,0.112093,0.114324,0.112581,0.112738,0.119373,0.114942,0.112337,0.111287,0.111329,0.114427,0.115591,0.11589,0.116123,0.116164,0.112741,0.116594,0.114981,0.114229,0.111782,0.116168,0.117552,0.117711,0.115502,0.11384,0.118336,0.117094,0.119061,0.118781,0.115649,0.112538,0.115066,0.11331,0.118217,0.113101,0.117522,0.118057,0.119454,0.119482,0.116198,0.114538,0.113558,0.113803,0.118027,0.111471,0.114412,0.112104,0.116705,0.111774,0.111327,0.118718,0.113635,0.113611,0.116018,0.116814,0.118005,0.117093,0.115239,0.113066,0.117231,0.115114,0.115035,0.118998,0.117236,0.112242,0.116102,0.114483,0.117161,0.116178,0.1159,0.1143,0.112617,0.113228,0.114787,0.117714,0.115481,0.119387,0.117294,0.114179,0.112764,0.11655,0.115291,0.111841,0.116881,0.115389,0.151653,
0.203521,0.208068,0.205222,0.209984,0.208229,0.20744,0.206461,0.210729,0.210101,0.209479,0.205063,0.210406,0.209193,0.207692,0.206104,0.203653,0.204354,0.206569,0.204838,0.204994,0.211583,0.207183,0.204596,0.203554,0.203595,0.206672,0.207828,0.208125,0.208356,0.208397,0.204997,0.208824,0.207222,0.206475,0.204045,0.208401,0.209775,0.209933,0.207739,0.206089,0.210554,0.20932,0.211273,0.210995,0.207885,0.204796,0.207306,0.205563,0.210435,0.205355,0.209745,0.210276,0.211663,0.211691,0.20843,0.206782,0.205808,0.206052,0.210246,0.203736,0.206656,0.204365,0.208933,0.204037,0.203593,0.210932,0.205885,0.205861,0.208251,0.209042,0.210225,0.209319,0.207478,0.20532,0.209456,0.207354,0.207275,0.21121,0.209461,0.204502,0.208335,0.206727,0.209386,0.20841,0.208134,0.206546,0.204874,0.205481,0.207029,0.209935,0.207719,0.211597,0.209518,0.206425,0.20502,0.20878,0.20753,0.204104,0.209109,0.207626,0.501653,
0.317069,0.321584,0.318758,0.323487,0.321745,0.320961,0.319989,0.324227,0.323603,0.322986,0.318601,0.323907,0.322702,0.321211,0.319635,0.3172,0.317897,0.320097,0.318377,0.318533,0.325075,0.320706,0.318137,0.317102,0.317143,0.320198,0.321346,0.321641,0.321871,0.321911,0.318536,0.322335,0.320744,0.320003,0.31759,0.321915,0.32328,0.323437,0.321259,0.319619,0.324053,0.322828,0.324767,0.324492,0.321404,0.318335,0.320828,0.319097,0.323935,0.318891,0.32325,0.323777,0.325155,0.325183,0.321944,0.320308,0.319341,0.319583,0.323748,0.317283,0.320183,0.317907,0.322444,0.317582,0.317142,0.324429,0.319417,0.319393,0.321767,0.322552,0.323727,0.322827,0.320999,0.318856,0.322963,0.320876,0.320798,0.324705,0.322968,0.318044,0.32185,0.320254,0.322894,0.321925,0.32165,0.320073,0.318413,0.319015,0.320553,0.323439,0.321238,0.325089,0.323025,0.319953,0.318558,0.322292,0.32105,0.317648,0.322618,0.321146,0.851653,
0.446623,0.451106,0.4483,0.452996,0.451266,0.450487,0.449522,0.45373,0.453111,0.452498,0.448143,0.453413,0.452216,0.450736,0.44917,0.446753,0.447444,0.449629,0.447922,0.448076,0.454573,0.450234,0.447683,0.446655,0.446696,0.44973,0.45087,0.451163,0.45139,0.451431,0.448079,0.451852,0.450272,0.449536,0.447139,0.451435,0.45279,0.452946,0.450783,0.449155,0.453558,0.452342,0.454267,0.453993,0.450927,0.44788,0.450356,0.448636,0.453441,0.448431,0.45276,0.453284,0.454652,0.45468,0.451463,0.449838,0.448879,0.449119,0.453255,0.446835,0.449715,0.447455,0.45196,0.447132,0.446694,0.453931,0.448954,0.448931,0.451287,0.452067,0.453234,0.45234,0.450524,0.448397,0.452475,0.450403,0.450325,0.454205,0.452481,0.447591,0.45137,0.449785,0.452407,0.451444,0.451172,0.449605,0.447957,0.448555,0.450082,0.452948,0.450762,0.454586,0.452537,0.449487,0.448101,0.451808,0.450576,0.447198,0.452133,0.450671,1.20165,
